Date,Open,High,Low,Close,Adj Close,Volume,MA5,CHMF,BBL,BBH,OBV,RSI,MACD,UD,Flag
2018-01-02,42.540000915527344,43.07500076293945,42.314998626708984,43.064998626708984,41.018428802490234,102223600,43.064998626708984,0.0,42.81833267211914,42.81833267211914,-102223600.0,0.0,0.0,0.0,0.0
2018-01-03,43.13249969482422,43.63750076293945,42.9900016784668,43.057498931884766,41.01128005981445,118071600,43.061248779296875,0.0,43.84333546956381,42.203330993652344,15848000.0,0.0,0.0,0.0,0.0
2018-01-04,43.1349983215332,43.36750030517578,43.02000045776367,43.25749969482422,41.20177459716797,89738400,43.12666575113932,0.0,43.848068276475495,42.32637613406053,-73890400.0,0.0,0.0,0.4644969352628925,0.0
2018-01-05,43.36000061035156,43.842498779296875,43.26250076293945,43.75,41.670875549316406,94640000,43.28249931335449,0.0,44.35154829669998,42.08845160157477,-168530400.0,0.0,0.0,1.138531604115589,0.0
2018-01-08,43.587501525878906,43.90250015258789,43.48249816894531,43.587501525878906,41.51610565185547,82271200,43.343499755859376,0.0,44.53807759004319,42.07692230823156,-168530400.0,0.0,0.0,-0.37142508370535676,1.0
2018-01-09,43.63750076293945,43.76499938964844,43.352500915527344,43.58250045776367,41.511329650878906,86336000,43.343499755859376,0.0,44.53863198316485,42.16275690572405,-82194400.0,0.0,0.0,0.0,0.0
2018-01-10,43.290000915527344,43.57500076293945,43.25,43.5724983215332,41.50181579589844,95839600,43.447000122070314,0.0,44.47870428925729,42.255581337835345,-178034000.0,0.0,0.0,0.0,0.0
2018-01-11,43.647499084472656,43.872501373291016,43.622501373291016,43.81999969482422,41.737545013427734,74670800,43.55,0.0,44.58710702901249,42.24830976481075,-252704800.0,0.0,0.0,0.568021992828216,0.0
2018-01-12,44.04499816894531,44.34000015258789,43.912498474121094,44.272499084472656,42.168540954589844,101672400,43.6625,0.0,44.95849328831487,42.0452103588748,-354377200.0,0.0,0.0,1.032632115015475,0.0
2018-01-16,44.474998474121094,44.84749984741211,44.03499984741211,44.04750061035156,41.95423889160156,118263600,43.76699981689453,0.0,45.270888544959966,41.89444475785579,-236113600.0,0.0,8.18183312048548,-0.5082127252220237,0.0
2018-01-17,44.037498474121094,44.8125,43.76750183105469,44.775001525878906,42.64716720581055,137547200,43.85899963378906,0.0,45.556279218904685,41.767054290135924,-373660800.0,0.0,9.537580831771248,1.651628141089967,0.0
2018-01-18,44.842498779296875,45.025001525878906,44.5625,44.814998626708984,42.68526077270508,124773600,44.09749984741211,0.0,45.964878361242086,41.54831625274447,-248887200.0,0.0,10.506309147098994,0.0,1.0
2018-01-19,44.65250015258789,44.89500045776367,44.352500915527344,44.6150016784668,42.49477005004883,129700400,44.34599990844727,0.0,46.13607188719841,41.510082271956236,-119186800.0,0.0,11.159359296270686,-0.44627235160282774,0.0
2018-01-22,44.32500076293945,44.44499969482422,44.150001525878906,44.25,42.147117614746094,108434400,44.505000305175784,0.0,46.13420719053299,41.577459824906015,-10752400.0,0.0,11.551503085929205,-0.8181142322873924,0.0
2018-01-23,44.32500076293945,44.86000061035156,44.20500183105469,44.2599983215332,42.15663146972656,130756400,44.50050048828125,0.0,46.1722990698749,41.61747906733215,120004000.0,0.0,11.73296928586171,0.0,0.0
2018-01-24,44.3125,44.32500076293945,43.29999923706055,43.55500030517578,41.48513412475586,204420400,44.543000030517575,0.0,46.09547537952757,41.673274970153,324424400.0,68.99842560180097,11.747439653296805,-1.5928559491481753,0.0
2018-01-25,43.627498626708984,43.73749923706055,42.63249969482422,42.77750015258789,40.744590759277344,166116000,44.29899978637695,0.0,46.11982354299169,41.55066694629483,490540400.0,56.47367632065142,11.624747784802082,-1.7850996375621597,0.0
2018-01-26,43.0,43.0,42.51499938964844,42.877498626708984,40.8398323059082,156572000,43.891500091552736,0.0,46.19283908035549,41.3623463082802,647112400.0,44.57013398925497,11.386905656926196,0.0,0.0
2018-01-29,42.540000915527344,42.540000915527344,41.76750183105469,41.9900016784668,39.99452590942383,202561600,43.54399948120117,0.0,46.47741480284352,40.90109431709376,849674000.0,39.16818134029436,11.05843212639136,-2.0698431034159137,0.0
2018-01-30,41.38249969482422,41.842498779296875,41.17499923706055,41.74250030517578,39.75878143310547,184192800,43.09199981689453,0.0,46.86208381558087,40.306166459077325,665481200.0,33.193026053970144,10.656822276845114,-0.5894293007802864,0.0
2018-01-31,41.717498779296875,42.11000061035156,41.625,41.85749816894531,39.86831283569336,129915600,42.58850021362305,0.0,46.86208381558087,40.306166459077325,535565600.0,31.581547983171006,10.193846647287323,0.0,0.0
2018-02-01,41.79249954223633,42.154998779296875,41.689998626708984,41.94499969482422,39.95165252685547,188923200,42.248999786376956,0.0,47.08691707825446,39.98591655516839,346642400.0,33.186230254216554,9.68873326480069,0.0,0.0
2018-02-02,41.5,41.70000076293945,40.025001525878906,40.125,38.218143463134766,346375200,42.08249969482422,0.0,47.282950660449195,39.66004949722495,693017600.0,31.02221796649853,9.1589105124331,-4.339014681287024,0.0
2018-02-05,39.775001525878906,40.970001220703125,39.0,39.122501373291016,37.26329040527344,290954000,41.53199996948242,0.0,47.89400302054525,38.78916386483073,983971600.0,17.122415284220452,8.602869964615,-2.4984389450691147,0.0
2018-02-06,38.70750045776367,40.93000030517578,38.5,40.75749969482422,38.82059097290039,272975200,40.958499908447266,0.0,48.683754977817685,37.6073286759502,710996400.0,15.243416876336283,8.023650721459974,4.179176341340529,0.0
2018-02-07,40.772499084472656,40.849998474121094,39.76750183105469,39.8849983215332,37.98955535888672,206434400,40.76149978637695,0.0,49.09353860533936,36.838045053514804,917430800.0,24.86700439389037,7.453613029193091,-2.1407136841659957,0.0
2018-02-08,40.0724983215332,40.25,38.75749969482422,38.787498474121094,36.94420623779297,217562000,40.366999816894534,0.0,49.358044831215246,36.23362208976456,1134992800.0,22.067953132551054,6.896422966299448,-2.7516607586757447,0.0
2018-02-09,39.26750183105469,39.47249984741211,37.560001373291016,39.102500915527344,37.396087646484375,282690400,39.73549957275391,0.0,49.794886714536084,35.376696842592814,1417683200.0,20.030815794605317,6.345034350686593,0.8121236320935088,0.0
2018-02-12,39.625,40.97249984741211,39.377498626708984,40.6775016784668,38.90235900878906,243278000,39.530999755859376,0.0,50.19592961422665,34.469653932729734,1174405200.0,23.391042544011526,5.815133090278604,4.027877312353767,0.0
2018-02-13,40.48749923706055,41.1875,40.412498474121094,41.084999084472656,39.29206848144531,130196800,39.84199981689453,0.0,49.995811360162016,34.286522268174586,1044208400.0,34.06007518393723,5.324259278215402,1.00177589377759,0.0
2018-02-14,40.7599983215332,41.8849983215332,40.720001220703125,41.842498779296875,40.01650619506836,162579600,39.90749969482422,0.0,49.632546265862956,34.3082872709209,881628800.0,38.71114080423899,4.872149118912643,1.8437378890206801,0.0
2018-02-15,42.4474983215332,43.272499084472656,42.25,43.247501373291016,41.360198974609375,204588800,40.29899978637695,0.0,49.14457778519909,34.49933891707141,677040000.0,45.718855967506585,4.461500167285561,3.3578362549641083,0.0
2018-02-16,43.09000015258789,43.70500183105469,42.942501068115234,43.10749816894531,41.22629165649414,160704400,41.191000366210936,0.0,48.60930561112322,34.84686110131982,516335600.0,51.513303855887116,4.116599843497287,-0.3237255330366118,1.0
2018-02-20,43.01250076293945,43.564998626708984,42.85499954223633,42.962501525878906,41.08763885498047,135722000,41.991999816894534,0.0,48.17413756201492,35.14511241764002,652057600.0,54.86820313624321,3.8347872491751716,-0.3363606083056414,0.0
2018-02-21,43.20750045776367,43.529998779296875,42.752498626708984,42.76750183105469,40.90115737915039,149886400,42.44899978637695,0.0,47.81554935474411,35.38828390738156,801944000.0,55.36264272836539,3.5898368026262597,-0.45388347488741765,0.0
2018-02-22,42.95000076293945,43.48749923706055,42.9275016784668,43.125,41.2430419921875,123967600,42.78550033569336,0.0,47.33393075216853,35.72740245909449,677976400.0,53.972079950447245,3.3825634940360416,0.8359108052594433,0.0
2018-02-23,43.41749954223633,43.912498474121094,43.3849983215332,43.875,41.960323333740234,135249600,43.04200057983398,0.0,47.158793381851545,35.84787318308987,542726800.0,55.031984898677074,3.2200678682615953,1.7391304347825987,0.0
2018-02-26,44.087501525878906,44.84749984741211,44.0525016784668,44.74250030517578,42.78995895385742,152648800,43.16750030517578,0.0,47.368035224168175,35.70613126447929,390078000.0,67.59737414182727,3.0983619034993475,1.9772086727653182,0.0
2018-02-27,44.775001525878906,45.119998931884766,44.540000915527344,44.59749984741211,42.65129089355469,155712400,43.494500732421876,0.0,47.93779738651799,35.31136922928605,545790400.0,76.71102037708208,3.0037296370337927,-0.3240776817894919,0.0
2018-02-28,44.814998626708984,45.154998779296875,44.51250076293945,44.529998779296875,42.58673095703125,151128400,43.82150039672852,0.0,48.629074280239166,34.88542551122406,696918800.0,71.2624532087171,2.9264902875329515,0.0,0.0
2018-03-01,44.6349983215332,44.94499969482422,43.165000915527344,43.75,41.84077072143555,195208000,44.17399978637695,-1.9137027836935832,49.25514974543751,34.57393337935905,892126800.0,78.23707699193233,2.856445640376963,-1.751625422589309,0.0
2018-03-02,43.20000076293945,44.07500076293945,43.11249923706055,44.0525016784668,42.130069732666016,153816000,44.29899978637695,-2.515167696594067,49.57103619042397,34.466963662074406,738310800.0,81.37844299591298,2.773469197446671,0.6914324079241085,0.0
2018-03-05,43.8025016784668,44.435001373291016,43.630001068115234,44.20500183105469,42.275909423828125,113605600,44.33450012207031,-0.7902647209957612,49.80936390044721,34.41030277130574,624705200.0,81.34895804896244,2.685228776714177,0.3461781891547666,0.0
2018-03-06,44.477500915527344,44.5625,44.032501220703125,44.16749954223633,42.24004364013672,95154000,44.2270004272461,1.1709919156373314,50.039364006858,34.527636064349686,719859200.0,77.24990525877175,2.5965066277019226,0.0,0.0
2018-03-07,43.73500061035156,43.962501525878906,43.567501068115234,43.75749969482422,41.84794235229492,126814000,44.14100036621094,1.5293220530379688,50.06645125460483,34.95621542223438,593045200.0,75.25602677943535,2.5098141232734608,-0.9282840361384603,2.0
2018-03-08,43.869998931884766,44.279998779296875,43.76750183105469,44.23500061035156,42.30461120605469,95096400,43.9865005493164,0.16246091803811188,49.97555824364496,35.41710850948818,497948800.0,66.63770018029484,2.418896976884347,1.0912436013427618,0.0
2018-03-09,44.4900016784668,45.0,44.34749984741211,44.994998931884766,43.03143310546875,128740800,44.083500671386716,2.7722578795707014,49.879620075983006,35.90571343028328,369208000.0,60.22784652086407,2.323290705472176,1.7180927117594669,0.0
2018-03-12,45.0724983215332,45.59749984741211,45.0525016784668,45.43000030517578,43.44746017456055,128828400,44.27200012207031,5.9320096990342135,49.48705801768017,36.849858842264496,240379600.0,67.324473102437,2.2241472975600924,0.9667771610563536,0.0
2018-03-13,45.647499084472656,45.875,44.810001373291016,44.99250030517578,43.029056549072266,126774000,44.51699981689453,5.46189336786615,48.61053103718115,38.391219145924325,367153600.0,71.50324589841308,2.1285033518566467,-0.9630200243475606,0.0
2018-03-14,45.08000183105469,45.130001068115234,44.45249938964844,44.61000061035156,42.663238525390625,117473600,44.68199996948242,3.3464819432974027,48.1671256680827,39.32295789921873,484627200.0,68.60365572823041,2.0334116001762865,-0.8501410062339176,0.0
2018-03-15,44.625,45.060001373291016,44.51750183105469,44.662498474121094,42.71345138549805,90975200,44.85250015258789,1.1953065941095051,47.576272356598324,40.297394661020476,393652000.0,62.364691114589476,1.9433594045683746,0.0,2.0
2018-03-16,44.662498474121094,44.779998779296875,44.404998779296875,44.505001068115234,42.56282424926758,157618800,44.9379997253418,-1.2258411254787176,47.01979932264497,41.18028447353831,551270800.0,57.41872884218697,1.8560658900334828,-0.35263904032847293,0.0
2018-03-19,44.33000183105469,44.36750030517578,43.415000915527344,43.82500076293945,41.91249084472656,133787200,44.84000015258789,-3.6899004731629033,46.91725596748367,41.446827767664445,685058000.0,47.41708270861354,1.7691808498697073,-1.52791886047825,0.0
2018-03-20,43.810001373291016,44.20000076293945,43.73500061035156,43.810001373291016,41.89815139770508,78597600,44.51900024414063,-2.762236594240892,46.83054527658305,41.59528848908265,685058000.0,42.474436138284915,1.6779111598345808,0.0,2.0
2018-03-21,43.7599983215332,43.772499084472656,42.814998626708984,42.817501068115234,40.948970794677734,148219600,44.282500457763675,-2.2790721958424616,46.69271632470763,41.81186754268333,833277600.0,42.913408591032,1.5877474252369512,-2.265465131395461,0.0
2018-03-22,42.5,43.16999816894531,42.150001525878906,42.212501525878906,40.37036895751953,165963200,43.9240005493164,-1.6518015283913166,46.65244510880038,41.86397207666512,999240800.0,41.19037305111659,1.486448236373298,-1.4129725629570933,0.0
2018-03-23,42.09749984741211,42.47999954223633,41.23500061035156,41.23500061035156,39.43552017211914,164115200,43.43400115966797,-2.197364467274565,46.91307423124191,41.53642629772945,1163356000.0,33.55673810846835,1.3654803489674283,-2.3156668763827604,0.0
2018-03-26,42.01750183105469,43.275001525878906,41.61000061035156,43.192501068115234,41.30760192871094,150164800,42.78000106811523,-5.194862557398579,47.60787456579757,40.634209428749955,1013191200.0,26.869142774295824,1.2179612589555784,4.747181832882674,0.0
2018-03-27,43.41999816894531,43.787498474121094,41.72999954223633,42.084999084472656,40.24843978881836,163690400,42.65350112915039,-5.429792304445473,47.70354034087999,40.35304369944391,1176881600.0,44.15468284025834,1.0725493147518985,-2.56410709325684,0.0
2018-03-28,41.8125,42.505001068115234,41.29750061035156,41.619998931884766,39.80372619628906,166674000,42.30850067138672,-4.7404806163808955,47.74842726522468,40.08632335529941,1343555600.0,40.746883027749476,0.9240192799434825,-1.1049071229740193,0.0
2018-03-29,41.95249938964844,42.9375,41.724998474121094,41.94499969482422,40.11453628540039,153594000,42.069000244140625,-3.5442997543755483,47.9381927530779,39.604057943740145,1497149600.0,35.51245240080834,0.7701520696201496,0.7808764326768802,2.0
2018-04-02,41.65999984741211,42.23500061035156,41.11750030517578,41.66999816894531,39.851539611816406,150347200,42.015499877929685,-3.7449079063884434,48.06350875528562,39.303658526818886,1346802400.0,32.246803359242776,0.6181334376135889,-0.6556240979370909,0.0
2018-04-03,41.90999984741211,42.1875,41.220001220703125,42.09749984741211,40.260379791259766,121112000,42.102499389648436,-5.606289067756305,48.29577838070756,38.86413881493047,1225690400.0,27.698683273344997,0.4728852607847934,1.0259219996447966,0.0
2018-04-04,41.220001220703125,43.002498626708984,41.192501068115234,42.90250015258789,41.03025436401367,138422000,41.88349914550781,-5.3569973162358115,48.39299208580898,38.54142500301753,1087268400.0,32.80878993028891,0.33851895823204436,1.912228298814922,0.0
2018-04-05,43.14500045776367,43.557498931884766,43.02000045776367,43.20000076293945,41.31476593017578,107732800,42.04699935913086,-3.296951443659049,48.33219611344462,38.41338761153097,979535600.0,40.34492532168771,0.23014184302179627,0.6934342038190433,0.0
2018-04-06,42.74250030517578,43.119998931884766,42.04999923706055,42.095001220703125,40.257991790771484,140021200,42.362999725341794,-3.6753640784488084,48.29478463158449,38.400465688850076,1119556800.0,41.953249784341175,0.15136106180734366,-2.5578692655586432,0.0
2018-04-09,42.470001220703125,43.272499084472656,42.462501525878906,42.51250076293945,40.657283782958984,116070800,42.39300003051758,-6.243792271170193,48.224096524690815,38.303903734708605,1003486000.0,37.992037609427754,0.09553598594758089,0.991803136071634,0.0
2018-04-10,43.25,43.5,42.88249969482422,43.3125,41.42236328125,113634400,42.561500549316406,-8.986970419392192,47.93827976083381,38.38655391836541,889851600.0,43.284732165302266,0.044682435206223343,1.8817976423488814,0.0
2018-04-11,43.057498931884766,43.47999954223633,42.92499923706055,43.11000061035156,41.228702545166016,89726400,42.804500579833984,-9.0489550502203,47.388206421205204,38.723793853452996,800125200.0,47.64385003976388,0.015210741595106627,-0.467531058351367,0.0
2018-04-12,43.352500915527344,43.75,43.2599983215332,43.53499984741211,41.635154724121094,91557200,42.84600067138672,-8.536901917939518,46.80600344346948,39.100580088228114,708568000.0,51.49730930723107,0.005153767429905858,0.9858483670688978,0.0
2018-04-13,43.69499969482422,43.959999084472656,43.462501525878906,43.682498931884766,41.776214599609375,100497200,42.91300048828125,-7.625039623000377,46.42929878430815,39.35570131741712,809065200.0,56.89698870850238,0.011308708102939293,0.33880575396723067,1.0
2018-04-16,43.75749969482422,44.04750061035156,43.70750045776367,43.95500183105469,42.036827087402344,86313600,43.230500030517575,-7.127074773073471,46.040049349964015,39.64045068055356,722751600.0,63.973721614111774,0.033840011058417635,0.6238262595618549,0.0
2018-04-17,44.122501373291016,44.73500061035156,44.102500915527344,44.560001373291016,42.61542892456055,106421600,43.51900024414063,-5.893183392032952,45.765323577689756,39.84917659524319,616330000.0,55.3905982421933,0.06757118863318823,1.376406590907897,0.0
2018-04-18,44.45249938964844,44.70500183105469,44.220001220703125,44.459999084472656,42.51978302001953,83018000,43.76850051879883,-5.1358394182966975,46.00481843223681,39.669348437880366,533312000.0,68.83562379556949,0.1079200762199098,0.0,1.0
2018-04-19,43.439998626708984,43.84749984741211,43.165000915527344,43.20000076293945,41.31476593017578,139235200,44.038500213623045,-4.2526549940794895,46.211726836441976,39.51710667999682,672547200.0,72.88475075387079,0.149470670406726,-2.8340043802952963,0.0
2018-04-20,42.650001525878906,42.80500030517578,41.35749816894531,41.43000030517578,39.622013092041016,261964400,43.971500396728516,-4.1026967501952525,46.25071949573611,39.50503077892209,934511600.0,58.78851894177995,0.19011541990351097,-4.097223209500789,0.0
2018-04-23,41.70750045776367,41.72999954223633,41.022499084472656,41.310001373291016,39.50725555419922,146062000,43.521000671386716,-4.104382271131784,46.32025915524446,39.370824371366865,1080573600.0,48.61031960396075,0.210198226826788,0.0,0.0
2018-04-24,41.41749954223633,41.58250045776367,40.30500030517578,40.73500061035156,38.95734405517578,134768000,42.992000579833984,-3.035223348922504,46.395306773990065,39.26619339385662,1215341600.0,45.27169899826111,0.20578792275002103,-1.3919165911991938,0.0
2018-04-25,40.654998779296875,41.35499954223633,40.602500915527344,40.912498474121094,39.127098083496094,113528400,42.2270004272461,-4.658124406738691,46.69218637364125,38.78748039983694,1101813200.0,36.61624215449017,0.17893642929987882,0.43573796761997574,0.0
2018-04-26,41.029998779296875,41.432498931884766,40.842498779296875,41.05500030517578,39.26337814331055,111852000,41.51750030517578,-4.016485675869022,46.907305371917516,38.41461146259583,989961200.0,35.6627820737137,0.13261506298267514,0.34830879650340485,1.0
2018-04-27,41.0,41.08250045776367,40.157501220703125,40.58000183105469,38.809104919433594,142623200,41.08850021362305,-3.7511904289142675,47.02536384626108,38.22680290178578,1132584400.0,42.587305730475165,0.07152310810761738,-1.1569808076732913,0.0
2018-04-30,40.532501220703125,41.814998626708984,40.459999084472656,41.314998626708984,39.51203536987305,169709600,40.91850051879883,-3.005268565569972,47.27605861055985,37.816524982172886,962874800.0,36.337932905540576,-0.0070705671717882345,1.811229084499022,0.0
2018-05-01,41.602500915527344,42.29999923706055,41.317501068115234,42.275001525878906,40.43013381958008,214277600,40.91949996948242,-2.6663987556464854,47.340122079987886,37.70471142119212,748597200.0,35.74739530738884,-0.09732852310804753,2.323618373665659,0.0
2018-05-02,43.807498931884766,44.4375,43.45000076293945,44.14250183105469,42.21614074707031,266157600,41.22750015258789,-2.5551892443222424,47.3331334387107,37.72461675456728,482439600.0,44.62331519571143,-0.18630115550785023,4.417504997681854,0.0
2018-05-03,43.970001220703125,44.375,43.61000061035156,44.22249984741211,42.29265594482422,136272800,41.87350082397461,-3.209627884349127,47.5816455628638,37.64052138863359,346166800.0,53.29895168851357,-0.24553204936160158,0.0,0.0
2018-05-04,44.5625,46.0625,44.54249954223633,45.95750045776367,43.951934814453125,224805200,42.50700073242187,-1.950851175783263,47.75501757700394,37.54814938466596,121361600.0,52.95405334566502,-0.2643884347140539,3.9233435837822572,0.0
2018-05-07,46.29499816894531,46.91749954223633,46.1875,46.290000915527344,44.269927978515625,169805600,43.58250045776367,0.4509175770530877,48.48145437584712,37.1316292728345,291167200.0,59.44352357593292,-0.2349555748635876,0.723495521844697,1.0
2018-05-08,46.247501373291016,46.55500030517578,45.91749954223633,46.51250076293945,44.48271560668945,113611200,44.577500915527345,0.6229285407773741,49.50057104441369,36.4840959070837,177556000.0,58.37366831773296,-0.15998098247045156,0.4806650313490701,0.0
2018-05-09,46.63750076293945,46.849998474121094,46.30500030517578,46.84000015258789,44.79592514038086,92844800,45.425000762939455,1.3404373983500342,50.27674431957275,36.01758932910888,84711200.0,59.81823749050659,-0.049781078820922336,0.7041104741230875,0.0
2018-05-10,46.935001373291016,47.592498779296875,46.912498474121094,47.5099983215332,45.436683654785156,111957200,45.964500427246094,3.1737890394259662,51.08342985291745,35.560237113838724,-27246000.0,69.11765059444384,0.08840090158353399,1.4303974525249785,0.0
2018-05-11,47.372501373291016,47.51499938964844,46.86249923706055,47.147499084472656,45.263877868652344,104848800,46.62200012207031,4.102848412958851,52.02966731058561,34.99633290303743,77602800.0,86.10452549347582,0.25708018957891926,-0.7629956848393515,0.0
2018-05-14,47.252498626708984,47.38249969482422,46.96500015258789,47.037498474121094,45.158267974853516,83115200,46.85999984741211,4.070843302784327,52.783411916099766,34.589921569821456,160718000.0,83.69409125598187,0.4380033816590456,0.0,0.0
2018-05-15,46.69499969482422,46.76750183105469,46.275001525878906,46.61000061035156,44.747859954833984,94780800,47.00949935913086,2.5231479780610977,53.4277519642642,34.26808136906911,255498800.0,88.44161077823134,0.6169735282906904,-0.9088448102841373,0.0
2018-05-16,46.51750183105469,47.1150016784668,46.5,47.04499816894531,45.16547393798828,76732400,47.02899932861328,2.474755905556889,53.808053759376335,34.096279609560824,178766400.0,83.72302954219087,0.7720321011666537,0.9332708708378323,0.0
2018-05-17,47.0,47.227500915527344,46.59000015258789,46.747501373291016,44.87986373901367,69176000,47.06999893188477,3.604268058514872,54.251070810861535,33.89576248178169,247942400.0,84.26776062180508,0.9097360471080714,-0.6323664730221501,0.0
2018-05-18,46.79750061035156,46.95249938964844,46.532501220703125,46.57749938964844,44.71665573120117,73190800,46.91749954223633,4.01256880235731,54.68337978577168,33.80853687072248,321133200.0,86.01464400195135,1.0142586156879645,-0.36366004310063316,0.0
2018-05-21,47.0,47.317501068115234,46.727500915527344,46.907501220703125,45.03347396850586,73603200,46.80349960327148,4.043535835371491,54.89095789401783,34.08329213649975,394736400.0,82.90093704015511,1.087139275499884,0.708500532186207,0.0
2018-05-22,47.095001220703125,47.220001220703125,46.69499969482422,46.790000915527344,44.920654296875,60962800,46.77750015258789,3.776823553501467,54.97194303643154,34.565307100897556,455699200.0,81.43878045547557,1.1353515679765818,0.0,0.0
2018-05-23,46.587501525878906,47.125,46.439998626708984,47.09000015258789,45.20867919921875,80233600,46.813500213623044,3.3868372177137482,54.77365507502232,35.366345077565555,375465600.0,73.56477557938655,1.1597430807321922,0.6411609984837474,0.0
2018-05-24,47.192501068115234,47.209999084472656,46.5525016784668,47.037498474121094,45.158267974853516,92936000,46.82250061035156,4.729468146088004,54.413785516841585,36.31904796399337,468401600.0,74.56105613149103,1.1619141141077245,0.0,0.0
2018-05-25,47.057498931884766,47.412498474121094,46.912498474121094,47.14500045776367,45.26148223876953,69844000,46.88050003051758,5.666791538780344,53.90191137546847,37.41325547938992,398557600.0,62.99638177132538,1.149398882201021,0.0,0.0
2018-05-29,46.900001525878906,47.1875,46.717498779296875,46.974998474121094,45.0982780456543,90056400,46.99400024414062,5.6891662804763214,52.88734702018928,39.0828196312186,308501200.0,60.87786648547648,1.12744778907461,-0.36059387420067646,0.0
2018-05-30,46.93000030517578,47.0,46.69499969482422,46.875,45.00226593017578,74762000,47.00749969482422,5.477986128042662,51.63327010830085,40.91322990695794,383263200.0,55.9638668598857,1.1006364134149054,0.0,0.0
2018-05-31,46.80500030517578,47.057498931884766,46.53499984741211,46.717498779296875,44.85105895996094,109931200,47.02449951171875,4.500305985486528,50.1496924548273,42.8860574892238,493194400.0,50.47945026520001,1.0655806950321336,-0.33600260416666305,0.0
2018-06-01,46.997501373291016,47.564998626708984,46.9375,47.560001373291016,45.6599006652832,93770000,46.949999237060545,3.6570594208473803,49.467405052228266,43.84434472397617,399424400.0,37.37052829440823,1.0257060889383212,1.8033983325483671,0.0
2018-06-04,47.90999984741211,48.35499954223633,47.837501525878906,47.95750045776367,46.04151916503906,105064800,47.054499816894534,3.8191454898890873,48.40451596967588,45.23573379126976,294359600.0,55.701476420610625,0.991484812033614,0.8357844259775149,1.0
2018-06-05,48.26750183105469,48.48500061035156,48.09000015258789,48.32749938964844,46.39673614501953,86264000,47.21699981689453,2.116673860750415,48.40053512583108,45.49263135264385,208095600.0,61.77978709998212,0.9626810339599632,0.7715142122776575,0.0
2018-06-06,48.407501220703125,48.52000045776367,47.97999954223633,48.494998931884766,46.557552337646484,83734400,47.4875,3.3173636333393572,48.844149441278724,45.23260036035702,124361200.0,72.31965100138805,0.9427709641025872,0.3465926115602036,0.0
2018-06-07,48.53499984741211,48.54999923706055,48.084999084472656,48.3650016784668,46.43273162841797,85388800,47.811499786376956,2.8610087267140036,49.14728322238181,45.12979985663838,209750000.0,70.25137536668453,0.9288813750603637,0.0,0.0
2018-06-08,47.79249954223633,48.0,47.442501068115234,47.92499923706055,46.010311126708984,106627200,48.14100036621094,1.6497846011424602,49.432464514297884,45.011451933659494,103122800.0,73.69959578254532,0.9191800858359266,-0.9097538015844786,0.0
2018-06-11,47.837501525878906,47.99250030517578,47.5525016784668,47.807498931884766,45.89751434326172,73234000,48.21399993896485,1.1822543884924723,49.50829195263018,44.98070798633466,176356800.0,68.2959598983578,0.9080179433540457,0.0,1.0
2018-06-12,47.84749984741211,48.15250015258789,47.787498474121094,48.06999969482422,46.14952087402344,67644400,48.183999633789064,1.5009639567212993,49.58559437842479,44.96432233401825,108712400.0,62.968247913187724,0.896303813633875,0.5490786357877919,0.0
2018-06-13,48.10499954223633,48.220001220703125,47.61000061035156,47.67499923706055,45.77030563354492,86553600,48.13249969482422,2.9066479064160613,49.70944841147123,44.92796830097181,195266000.0,67.70396727912778,0.8875037449750699,-0.8217192849414579,0.0
2018-06-14,47.88750076293945,47.89250183105469,47.55500030517578,47.70000076293945,45.79429626464844,86440400,47.968499755859376,1.7327988897226017,49.70481600970901,45.061017272761696,281706400.0,57.884070428849334,0.8789819684849591,0.0,0.0
2018-06-15,47.50749969482422,47.540000915527344,47.064998626708984,47.209999084472656,45.32387924194336,246876800,47.8354995727539,0.5005228863184773,49.71683483512704,45.13191521573558,528583200.0,58.995262843309185,0.8635293680518082,-1.027257171130913,0.0
2018-06-18,46.970001220703125,47.30500030517578,46.79999923706055,47.185001373291016,45.29988098144531,73939600,47.69249954223633,0.907807431186613,49.68300497246355,45.20741161790917,454643600.0,50.79948987300315,0.8349563127260519,0.0,0.0
2018-06-19,46.28499984741211,46.58250045776367,45.86249923706055,46.42250061035156,44.567848205566406,134314000,47.56800003051758,2.4944717470885496,49.61948293566278,45.31185035189417,320329600.0,52.67860705232069,0.7929282393967085,-1.6159812244300742,0.0
2018-06-20,46.587501525878906,46.79999923706055,46.432498931884766,46.625,44.76224899291992,82514800,47.23850021362305,3.515774598261852,49.78494551868628,45.076887672231685,237814800.0,45.062749942561084,0.7325943200832109,0.4362095686057943,1.0
2018-06-21,46.8125,47.087501525878906,46.23500061035156,46.3650016784668,44.51264190673828,102847600,47.028500366210935,4.376415027575888,49.83367530721619,44.99990776163147,340662400.0,49.000553965469486,0.6615528851921147,-0.5576371507414524,0.0
2018-06-22,46.529998779296875,46.537498474121094,46.17499923706055,46.22999954223633,44.383033752441406,108801600,46.76150054931641,2.5965751778419257,49.889596973334264,44.91173626336007,449464000.0,35.22867446518768,0.5845274382585891,0.0,0.0
2018-06-25,45.849998474121094,46.22999954223633,45.182498931884766,45.54249954223633,43.72300338745117,126652400,46.56550064086914,1.3398892557961513,50.00582402762581,44.73359247628044,576116400.0,27.16456896203961,0.5035363170658252,-1.4871295842689536,0.0
2018-06-26,45.747501373291016,46.63249969482422,45.6349983215332,46.10749816894531,44.26542663574219,98276800,46.2370002746582,1.1197867005299647,50.32489240057341,44.26402412367788,477839600.0,16.036606186691174,0.41194076890535786,1.2405964371476896,0.0
2018-06-27,46.307498931884766,46.81999969482422,46.00749969482422,46.040000915527344,44.20063018798828,101141200,46.17399978637695,0.9539943681866828,50.44022454565093,44.06519194299653,578980800.0,23.457475998585224,0.32158974665623596,0.0,0.0
2018-06-28,46.025001525878906,46.5525016784668,45.95000076293945,46.375,44.522247314453125,69460800,46.05699996948242,-0.17930427347047684,50.505282577739386,43.943383931253116,509520000.0,23.788049120555584,0.23242355271076556,0.7276261464184142,0.0
2018-06-29,46.5724983215332,46.79750061035156,45.727500915527344,46.27750015258789,44.42864227294922,90950800,46.058999633789064,0.5631046244937776,50.55977702802146,43.841139643731466,600470800.0,32.10161723856318,0.1525142294192621,0.0,0.0
