,Date,Open,High,Low,Close,Adj Close,Volume,MA5,CHMF,BBH,BBL,OBV,RSI,DIF,MACD,DFF,IR,VIX,PCR,KL,DL,UD
0,2018-01-02,78.2699966430664,84.0999984741211,76.21099853515625,84.08999633789062,83.48320007324219,1217600,84.08999633789062,0.0,81.46699778238933,81.46699778238933,-1217600.0,0.0,0.0,0.0,0.0,1.41,9.77,0.47,0.0,0.0,0.0
1,2018-01-03,84.0,88.80899810791016,83.5999984741211,87.20999908447266,86.58069610595703,1342600,85.64999771118164,0.0,94.14866638183594,73.85799662272137,-2560200.0,0.0,6.956923003889559,0.0,13.913846007779117,1.41,9.15,0.54,0.0,0.0,3.710313809558552
2,2018-01-04,88.66000366210938,88.66000366210938,82.73999786376953,84.54000091552734,83.92996978759766,1113000,85.27999877929688,0.0,93.0840872079582,75.7959108931703,-1447200.0,0.0,12.11523122418472,0.0,24.23046244836944,1.41,9.22,0.5,0.0,0.0,-3.0615734399436434
3,2018-01-05,85.2300033569336,85.3479995727539,81.86000061035156,83.56999969482422,82.96695709228516,921900,84.85249900817871,0.0,91.85667246718256,76.59965942165209,-525300.0,0.0,15.941196470636974,0.0,31.88239294127395,1.41,9.22,0.58,8.255286162864989,0.0,-1.1473872843606348
4,2018-01-08,83.83000183105469,83.83000183105469,76.12999725341797,78.4000015258789,77.83428192138672,1870900,83.56199951171875,0.0,93.5162845542107,73.03011437157056,1345600.0,0.0,18.344660026652228,0.0,36.689320053304456,1.41,9.52,0.63,9.445963500267979,2.7517620542883297,-6.186428368822295
5,2018-01-09,79.3499984741211,85.1500015258789,79.3499984741211,84.37999725341797,83.7711181640625,1485800,83.56199951171875,0.0,92.58326307997747,73.85873571966447,-140200.0,0.0,20.495696260751032,0.0,40.991392521502064,1.41,10.08,0.6,9.445963500267979,5.9004165543776566,7.627545422387705
6,2018-01-10,83.0999984741211,88.08000183105469,80.19000244140625,87.80000305175781,87.16644287109375,1255700,83.61999969482422,0.0,92.69486124247457,74.3573289023822,-1395900.0,0.0,22.220232846755827,0.0,44.440465693511655,1.41,9.82,0.65,1.1906773374029898,9.049071054466983,4.053100153663869
7,2018-01-11,87.6500015258789,89.9000015258789,85.91000366210938,89.30000305175781,88.65562438964844,1051900,83.73800048828124,0.0,94.83761041697947,73.42555664641573,-2447800.0,0.0,23.437801592523044,0.0,46.87560318504609,1.41,9.88,0.5,15.721522003632069,6.694201445979648,1.7084281866320161
8,2018-01-12,89.58999633789062,91.5999984741211,88.5999984741211,90.70999908447266,90.0554428100586,854400,84.69000091552735,0.0,97.54823781854024,72.08642890690102,-3302200.0,0.0,24.237118081502842,0.0,48.474236163005685,1.41,10.16,0.5,40.43430401160465,8.786054280434346,1.5789428718133713
9,2018-01-16,91.97000122070312,92.9000015258789,81.5999984741211,82.41000366210938,81.81533813476562,2314200,86.11800079345703,0.0,97.01681691774394,72.78171671262714,-988000.0,0.0,23.925048823147456,15.972095500766248,15.905906644762418,1.41,11.66,0.49,66.82016250567973,19.11550111754657,-9.150033630398347
10,2018-01-17,86.31999969482422,86.48999786376953,83.01300048828125,85.43000030517578,84.81353759765625,1259600,86.92000122070313,0.0,96.4603764562833,73.3524116111587,271600.0,0.0,23.648811400542158,18.630434258893743,10.03675428329683,1.41,11.91,0.48,77.62308908476568,40.99199617363882,3.664599573916716
11,2018-01-18,84.66000366210938,86.91000366210938,82.44999694824219,85.31999969482422,84.70433044433594,765200,87.13000183105468,0.0,95.96741104782473,73.84320025317353,-493600.0,0.0,23.154108967754496,20.485088525188473,5.338040885132045,1.41,12.22,0.56,60.88089168146439,61.625851867350015,0.0
12,2018-01-19,85.68000030517578,88.3499984741211,84.79900360107422,88.2300033569336,87.59334564208984,717300,86.63400115966797,0.0,95.96474482695474,74.18756331920413,-1210900.0,0.0,22.734794146248625,21.71163049669623,2.0463272991047887,1.41,11.27,0.56,48.468392337216265,68.4413810906366,3.410693474587423
13,2018-01-22,92.81999969482422,103.3000030517578,92.81999969482422,102.83999633789062,102.09790802001952,1794100,86.42000122070313,0.0,104.43668048766173,67.79808179493688,-3005000.0,0.0,23.3126546903161,22.4664746828753,1.6923600148816007,1.41,11.03,0.56,35.6986573421568,62.32412436781545,16.558984954191214
14,2018-01-23,103.2699966430664,110.66000366210938,103.1999969482422,109.6999969482422,108.90841674804688,1122200,88.84600067138672,0.0,115.55886158991758,59.57402754311194,-4127200.0,0.0,24.046959670222478,23.018474089949066,2.056971160546823,1.41,11.1,0.52,47.266930472894956,48.34931378694582,6.6705570348450705
15,2018-01-24,109.87999725341795,110.18699645996094,99.81999969482422,104.36000061035156,103.60694885253906,1497600,94.30399932861329,0.0,120.46548456534816,56.820223862081036,-2629600.0,71.32390159565549,23.922247799374688,23.413058913223672,1.0183777723020313,1.41,11.47,0.53,61.72779369040976,43.81132671742267,-4.867818128026125
16,2018-01-25,107.0,108.8000030517578,103.0,107.76000213623048,106.98241424560548,848300,98.08999938964844,0.0,124.85422296072088,54.53467929207478,-3477900.0,63.77068142998444,23.823146053061194,23.602171685736877,0.4419487346486335,1.41,11.58,0.56,77.8275732575796,48.23112716848717,3.25795468186465
17,2018-01-26,108.51000213623048,112.58000183105467,107.88999938964844,110.61000061035156,109.81184387207033,918600,102.57799987792968,0.0,129.90728981703523,51.777784600644175,-4396500.0,68.42857686084005,23.701363696442783,23.644987736907783,0.11275191906999993,1.41,11.08,0.49,83.46650059854153,62.274099140294766,2.6447646785660917
18,2018-01-29,109.94000244140624,116.54000091552734,109.5199966430664,113.31999969482422,112.50228118896484,825200,107.05399932861329,0.0,134.93276794182682,49.09800421714727,-5221700.0,70.83847751203587,23.552031421540775,23.58545947190111,-0.0668561007206705,1.41,13.84,0.57,84.11004142054166,74.3406225155103,2.450048883029332
19,2018-01-30,108.25,110.5500030517578,103.3000030517578,106.36000061035156,105.59251403808594,986100,109.15,0.0,136.50657415286622,48.9963262886214,-4235600.0,77.97181010062687,22.611420379804457,23.54401309394481,-1.8651854282807037,1.41,14.79,0.61,84.59769792414319,81.80137175888761,-6.141898255573808
20,2018-01-31,107.80999755859376,109.25,99.1500015258789,100.55999755859376,99.83436584472656,1232400,108.48200073242188,0.0,136.50657415286622,48.9963262886214,-3003200.0,67.33439126022583,21.15411609648274,23.428747424973956,-4.549262656982435,1.41,13.54,0.59,86.79841753287002,84.05807998107547,-5.45318072440224
21,2018-02-01,100.19000244140624,104.12999725341795,98.0,101.20999908447266,100.47967529296876,650200,107.72200012207031,0.0,137.16245010263998,50.492417196757785,-3653400.0,59.69899490994692,19.82313290681097,23.20652599483265,-6.766786176043361,1.42,13.47,0.59,78.29364590210798,85.16871895918496,0.646381803559759
22,2018-02-02,98.5,100.77899932861328,95.05999755859376,95.54000091552734,94.85059356689452,919000,106.41199951171875,0.0,137.79274704928497,51.319486939159056,-2734400.0,59.17141442756086,18.102127614738464,22.883008079339575,-9.561760929202222,1.42,17.31,0.77,60.90004359555535,83.22992045304039,-5.602211461550333
23,2018-02-05,92.43000030517578,99.43000030517578,85.0,85.12000274658203,84.50578308105469,1548200,103.3979995727539,0.0,137.5821988108458,52.711335022975824,-1186200.0,53.49039075430566,15.716244667418351,22.304060626497616,-13.17563191815853,1.42,37.32,0.73,34.434975521513685,75.33070234351112,-10.906424606545961
24,2018-02-06,81.30000305175781,92.9800033569336,78.76100158691406,92.29000091552734,91.6240463256836,1436400,97.75800018310547,0.0,136.87033885925095,54.048928413698256,-2622600.0,51.900153882480765,14.239826318551579,21.378425626186047,-14.277198615268937,1.42,29.98,0.75,13.861983962933827,57.87622167305901,8.423399832694688
25,2018-02-07,91.5,96.3000030517578,90.9000015258789,93.4499969482422,92.77566528320312,1063300,94.94400024414062,0.0,135.27466359648633,56.500303851430324,-3685900.0,54.545455464592365,13.01334636898875,20.302601017205703,-14.578509296433907,1.42,27.73,0.68,0.9134366110565546,36.39900102666763,1.2569032627668841
26,2018-02-08,93.87999725341795,95.3000030517578,79.5,79.5,78.92632293701172,1718900,93.52200012207031,0.0,134.06720541531837,58.76676217501365,-1967000.0,55.313030092686546,10.791308516690975,19.101512163419876,-16.620407293457802,1.42,33.46,0.75,6.326264411768804,16.40346536516802,-14.927766082184558
27,2018-02-09,82.33999633789062,82.91000366210938,67.29199981689453,79.87000274658203,79.29365539550781,3321800,89.18000030517578,0.0,134.17960866541839,58.59535878249827,1354800.0,45.014274508901735,8.956933683231284,17.667061587891894,-17.42025580932122,1.42,29.06,0.88,13.676021639943231,7.033894995253061,0.4654122598516164
28,2018-02-12,82.0,87.6500015258789,79.19999694824219,85.05999755859375,84.44621276855469,1291300,86.04600067138672,0.0,136.81249225174102,54.79454179570363,63500.0,34.33365383524648,7.8316887852312504,16.04538406141306,-16.42739055236362,1.42,25.61,0.67,13.676021639943231,6.971907554256197,6.4980526274412975
29,2018-02-13,83.4000015258789,87.08000183105469,81.54000091552734,86.2300033569336,85.6077651977539,952100,86.03399963378907,0.0,137.5339156747039,53.43978503940742,-888600.0,32.802900022534615,6.954170438400993,14.403191662016038,-14.89804244723009,1.42,24.97,0.73,7.634870362479428,11.226102563885087,1.3755065035522485
30,2018-02-14,83.44999694824219,94.22000122070312,83.06999969482422,93.27999877929688,92.60689544677734,1156200,84.8220001220703,0.0,137.63232388871995,53.2727102401049,-2044800.0,36.564399751363354,6.749799055763518,12.82541992222918,-12.151241732931325,1.42,19.26,0.59,4.702226703691705,11.662304547455298,8.17580325629943
31,2018-02-15,95.69000244140624,97.01499938964844,90.79900360107422,96.4000015258789,95.70437622070312,1093900,84.78800048828126,0.0,137.09461071807513,54.33165677866965,-3138700.0,39.82001834616536,6.761647347660784,11.372827272112795,-9.222359848904023,1.42,19.13,0.61,10.791956353564096,8.671039568704787,3.344771427328208
32,2018-02-16,94.66999816894533,98.9499969482422,93.88500213623048,95.33999633789062,94.65201568603516,755000,88.16800079345703,0.0,136.40059298624314,56.01014131754917,-3893700.0,40.047625210412185,6.609315568793065,10.112773909104165,-7.006916680622201,1.42,19.46,0.52,24.22360791424127,7.709684473245076,-1.0995904265662437
33,2018-02-20,92.0,97.36000061035156,89.37999725341797,90.4800033569336,89.82710266113281,898800,91.26199951171876,0.0,135.9780295270078,57.32590444312564,-2994900.0,37.10926017516101,6.02695572568598,9.1008928981458,-6.147874344919639,1.42,20.6,0.66,37.33507034949358,13.239263657165692,-5.097538459864137
34,2018-02-21,91.1500015258789,97.8499984741211,90.69000244140624,90.97000122070312,90.3135757446289,1046800,92.34600067138672,0.0,135.68062411567666,56.898643258997794,-1948100.0,38.26138439689369,5.541095783886419,8.188351721160734,-5.294511874548629,1.42,20.02,0.58,47.923587138871234,24.116878205766312,0.541553763914604
35,2018-02-22,93.2300033569336,97.0,90.8000030517578,91.5500030517578,90.88939666748048,921900,93.29400024414062,0.0,133.55331573319305,57.557618460735995,-1026200.0,42.307076525059124,5.143557846960789,7.358101656149363,-4.429087618377148,1.42,18.72,0.63,45.76788584215989,36.49408846753536,0.6375748304625395
36,2018-02-23,93.7300033569336,95.5500030517578,88.18099975585938,95.5199966430664,94.83072662353516,1347500,92.94800109863282,0.0,132.0520133606071,57.89168781126787,-2373700.0,42.242211637684306,5.090175101987128,6.73057380395712,-3.2807974039399834,1.42,16.49,0.62,40.31630170902661,43.675514443508234,4.3364210365609335
37,2018-02-26,97.0,98.5500030517578,94.0,97.62000274658205,96.91558074951172,861800,92.77200012207031,0.0,129.85114383025228,58.7489238170459,-3235500.0,49.98348391817397,5.1578651749863695,6.300933961596659,-2.2861375732205786,1.42,15.8,0.59,35.93615934409723,44.669258230019246,2.198498929352799
38,2018-02-27,97.18000030517578,98.7979965209961,93.83999633789062,93.9800033569336,93.30184173583984,795500,93.22800140380859,0.0,126.0959308094278,61.14047030344658,-2440000.0,61.9640144876738,4.86174929596838,6.0038424493472276,-2.284186306757695,1.42,18.59,0.63,42.02910283945112,40.67344896509457,-3.7287433796716396
39,2018-02-28,94.19000244140624,95.38999938964844,88.75,88.76000213623047,88.11952209472656,1348700,93.9280014038086,0.0,119.95865782094984,65.51900992400459,-1091300.0,51.734759533847196,4.157934771485486,5.771351211299159,-3.226832879627345,1.42,19.85,0.67,51.759505157363314,39.42718796419165,-5.554374371405046
40,2018-03-01,88.5,89.37000274658203,82.3499984741211,86.2699966430664,85.64746856689453,1722600,93.48600158691406,-0.5244517451113746,115.9655799637306,67.93508760829089,631300.0,45.556191860561775,3.360496346621261,5.483366290823822,-4.245739888405122,1.51,22.47,0.72,46.80816977606339,43.24158911363722,-2.8053238319466822
41,2018-03-02,82.94999694824219,93.62000274658205,82.30000305175781,93.0999984741211,92.42819213867188,1438200,92.43000030517578,-0.33775768633735503,113.3741824938579,68.82748503747347,-806900.0,58.19413676209719,3.24226984817507,5.105460624041653,-3.7263815517331658,1.51,19.59,0.71,29.154162882438666,46.865592590959274,7.917007183057101
42,2018-03-05,92.52999877929688,98.69200134277344,92.37999725341795,97.66999816894533,96.96521759033205,1248900,91.94600067138671,-0.14035912073806184,110.83393735010847,70.22373044570858,-2055800.0,63.847597387767095,3.477251685752492,4.731344432861876,-2.5081854942187682,1.51,18.73,0.55,7.346768693020746,42.57394593862179,4.908700074892636
43,2018-03-06,98.87999725341795,99.31999969482422,94.0,98.33999633789062,97.63038635253906,1162000,91.95599975585938,0.1994460184047831,110.57482434841612,70.39494341281434,-893800.0,63.37221438157581,3.675174612593665,4.448043983980377,-1.545738742773425,1.51,18.36,0.52,13.79966164529791,27.7697004505076,0.6859815516596646
44,2018-03-07,96.1999969482422,102.4000015258789,95.25,102.25,101.51216888427734,1066900,92.82799835205078,0.5616038589846003,111.76749358072956,69.93927394653281,-1960700.0,62.979627636495415,4.100269225043817,4.240719409392294,-0.2809003686969529,1.51,17.76,0.58,36.83276876654684,16.766864406919108,3.976005498998414
45,2018-03-08,103.3000030517578,104.5,99.4499969482422,102.7300033569336,101.98870086669922,918300,95.52599792480468,0.5884410146340959,113.62454116342707,69.27785955271875,-1042400.0,60.30797426732578,4.424884710849412,4.124798451401519,0.6001725188957856,1.51,16.54,0.61,60.471629078820136,19.326399701621835,0.46944093587637514
46,2018-03-09,104.58999633789062,108.5,102.79000091552734,107.29000091552734,106.51580810546876,1108400,98.81799926757813,0.6699261342908568,115.92687703644002,67.84319030568237,-2150800.0,57.744066826534834,4.99254753533306,4.050877296830661,1.883340477004797,1.51,14.64,0.53,73.17280419976704,37.0346864968883,4.438817686737639
47,2018-03-12,108.7300033569336,109.9499969482422,105.1500015258789,109.05999755859376,108.27304077148438,831600,101.65599975585937,1.0154910312419843,119.08855421009021,66.82417975800875,-2982400.0,63.4663103875481,5.521598796294697,4.032508670202516,2.9781802521843623,1.51,15.78,0.57,74.85442527156336,56.825734015044674,1.6497312218871185
48,2018-03-13,109.6999969482422,111.91000366210938,104.20099639892578,105.37000274658205,104.6096649169922,1120000,103.93399963378906,1.0249042350154587,119.30802036349814,69.74097993150511,-1862400.0,72.5048344441974,5.57881488416632,4.105825281349884,2.945979205632872,1.51,16.35,0.57,77.95857605452763,69.49961951671685,-3.383453965354466
49,2018-03-14,106.81999969482422,107.1449966430664,102.0500030517578,103.81999969482422,103.07083129882812,742100,105.34000091552734,0.7919135826233317,120.81019152332014,70.5578423308465,-1120300.0,66.18705085330689,5.4364190983509815,4.263700849425533,2.3454364978508977,1.51,17.23,0.69,78.93212861467013,75.32860184195268,-1.4710097858549265
50,2018-03-15,105.31999969482422,105.31999969482422,97.7699966430664,99.23999786376952,98.5238800048828,816800,105.65400085449218,0.5630955985598036,120.82016361054724,72.48670335315717,-303500.0,63.498344782459874,4.897545683074171,4.494358932951057,0.8063735002462273,1.51,16.59,0.63,75.71915175541619,77.24837664692036,-4.4114831867823945
51,2018-03-16,99.16999816894533,100.5,97.5999984741211,98.0199966430664,97.31268310546876,885800,104.95599975585938,0.25114920752213565,120.8413337984635,73.52419964880212,582300.0,54.038211230478865,4.322216890729138,4.678278470162068,-0.712123158865861,1.51,15.8,0.63,61.044136832340634,77.53661880820465,-1.2293442633663165
52,2018-03-19,97.0,98.86000061035156,89.0,92.52999877929688,91.86231231689452,1427500,103.10199890136718,-0.07094506732186108,120.96454350777684,73.79785629284167,2009800.0,50.44266691703954,3.3842561339104975,4.772163492937251,-2.775814718053507,1.51,19.02,0.67,36.24938426928363,71.89847240080898,-5.600895788398164
53,2018-03-20,93.43000030517578,95.79900360107422,91.30999755859376,93.13999938964844,92.46790313720705,837500,99.7959991455078,-0.027617563782196018,121.05868615659338,73.44421377626796,2847300.0,48.45842613220572,2.659480590973402,4.739839217528011,-4.160717253109217,1.51,18.2,0.68,14.747632935492334,57.67089095234682,0.6592463183821451
54,2018-03-21,93.44000244140624,97.5,92.5,96.02999877929688,95.33705139160156,724600,97.3499984741211,0.103162650289858,120.96060348548035,73.64326309166806,2122700.0,55.162655180011065,2.2918702953567447,4.5797515915201865,-4.575762592326884,1.51,17.86,0.62,2.6796367633303233,37.34705134570553,3.1028552808533005
55,2018-03-22,93.08000183105467,96.08999633789062,87.5,87.62999725341797,86.9976577758789,1395000,95.79199829101563,0.3911950134466751,120.84037453369483,73.98082526488916,3517700.0,61.396546246834966,1.3076527591726688,4.342749989798779,-6.070194461252221,1.51,23.34,0.74,0.8875316642578519,17.892217989368763,-8.747268179378409
56,2018-03-23,88.48999786376953,90.16999816894533,82.29499816894531,82.5,81.9046859741211,1618500,93.46999816894531,0.3693922043910423,121.21574268396293,73.3344566975475,5136200.0,43.8387009507611,0.11240957802446871,3.933317236892069,-7.6418153177352,1.51,24.87,0.76,5.979921363855347,6.104933787693503,-5.854156583598291
57,2018-03-26,87.08999633789062,89.91999816894531,81.5,89.4800033569336,88.83432006835938,1983500,90.36599884033203,-0.036562545179030875,122.89436504903979,70.84630089537755,3152700.0,33.125696108041055,-0.26850614600320455,3.3322962126398212,-7.201604717286052,1.51,21.03,0.63,5.979921363855347,3.182363263814507,8.460610129616475
58,2018-03-27,90.51000213623048,91.29000091552734,77.16000366210938,78.0,77.43716430664062,2550900,89.75599975585938,0.014352073256597306,123.80313655807467,68.9618625772606,5703600.0,41.35779105372413,-1.4796682357973197,2.6825938759543186,-8.324524223503277,1.51,22.5,0.71,5.092389699597494,4.282458130656182,-12.829685880922614
59,2018-03-28,78.95999908447266,79.5,72.02999877929688,77.54000091552734,76.98046875,2332500,86.72799987792969,0.034945147680353346,125.81623588205149,65.6098301986777,8036100.0,29.389767767099485,-2.4484171705991002,1.9141397277156185,-8.725113796629437,1.51,22.87,0.68,9.072599298910761,5.684077475769396,-0.5897424159905795
60,2018-03-29,79.54000091552734,82.93000030517578,75.91000366210938,79.41000366210938,78.83699035644531,1452000,83.03000030517578,0.3646406328312409,129.32459881810877,60.640467201585224,9488100.0,28.58357125732843,-3.030332303031571,1.0979216328630328,-8.256507871789207,1.51,19.97,0.63,9.072599298910761,6.714970120787868,2.4116620125130384
61,2018-04-02,78.80000305175781,78.80000305175781,67.18099975585938,68.88999938964844,68.39288330078125,3498300,81.38600158691406,0.337741588216443,130.80440974535537,58.50265659985949,12986400.0,25.16037429709857,-4.290917635896861,0.28097172244517626,-9.143778716684075,1.69,23.62,0.77,9.072599298910761,7.745862765806339,-13.24770657009877
62,2018-04-03,70.54000091552734,72.18900299072266,66.18000030517578,70.12000274658203,69.61402130126953,2978900,78.66400146484375,-0.03708747056501959,134.96163255162236,52.54046705775265,15965300.0,19.03808251599915,-5.131536445014291,-0.5718253630889747,-9.119422163850633,1.69,21.1,0.65,2.3232732251966968,9.072599298910761,1.7854599620136025
63,2018-04-04,66.9000015258789,78.0,66.55000305175781,77.20999908447266,76.6528549194336,2815700,74.79200134277343,-0.1172905263146313,138.62318828094317,46.20381163767663,13149600.0,21.759342001900677,-5.166078123835661,-1.4374939226431627,-7.457168402384996,1.69,20.06,0.63,2.3232732251966968,6.822823941006074,10.111232259237513
64,2018-04-05,78.5999984741211,78.5999984741211,71.5,72.44000244140625,71.91728210449219,2444900,74.63400115966797,-0.0344870105742356,139.91825829094438,42.57874183112595,15594500.0,30.419429117042867,-5.514780560264128,-2.2661548581089854,-6.497251404310286,1.69,18.94,0.61,3.6323444990563174,4.573048583101385,-6.177951948746596
65,2018-04-06,70.0999984741211,71.72000122070312,64.5999984741211,66.16000366210938,65.68258666992188,3031000,73.61400146484375,-0.4710310202616811,140.10305044719183,39.815282987866766,18625500.0,30.334610609246397,-6.22610253632422,-3.0242030047130743,-6.403799063222291,1.69,21.49,0.76,10.581333391763838,2.759630316483237,-8.669241534574091
66,2018-04-09,69.94999694824219,74.5989990234375,69.91999816894531,71.16999816894531,70.65644073486328,2363400,70.96400146484375,-0.7086440927921649,140.65846628944362,35.7865339140069,16262100.0,28.237711073388,-6.312795661907742,-3.728482128529595,-5.168627066756295,1.69,21.77,0.61,15.293935230961361,5.5123170386722835,7.572542668562798
67,2018-04-10,74.97000122070312,80.45999908447266,73.16100311279297,79.77999877929688,79.20431518554688,2270600,71.42000122070313,-0.9901802371724181,138.0571747060788,34.958125281714175,13991500.0,35.31353118000881,-5.621939279565851,-4.400069852518988,-2.4437388540937253,1.69,20.47,0.57,13.984863957101743,9.835871040593839,12.09779518317944
68,2018-04-11,77.87000274658203,84.06999969482422,77.5,81.38999938964844,80.80269622802734,1587500,73.3520004272461,-0.863176764043351,133.05771428413587,36.932285868452055,12404000.0,41.72447942993528,-4.888169252921614,-4.860322190715491,-0.05569412441224486,1.69,20.24,0.65,10.969619509433912,13.286710859942316,2.0180504324216253
69,2018-04-12,82.73999786376953,86.51000213623047,81.9000015258789,84.98999786376953,84.37672424316406,1657800,74.18800048828125,-0.6588775667691809,127.3032150206981,40.06941834111834,10746200.0,40.78549915677137,-3.9703932084365903,-5.131405755417993,2.3220250939628055,1.69,18.49,0.66,31.02514597835346,13.416139565832339,4.423145965251063
70,2018-04-13,85.75,86.25,80.35099792480469,82.36000061035156,81.76569366455078,1502500,76.6979995727539,-0.4791019552544116,122.01093562157496,43.37453114478245,12248700.0,48.231511648421474,-3.4158916073784127,-5.235856967129662,3.639930719502498,1.69,17.41,0.66,57.099439374467,18.659876481629706,-3.0944785498566496
71,2018-04-16,83.5,84.86000061035156,79.13999938964844,80.5999984741211,80.01839447021484,1081000,79.93799896240235,-0.47128521436163057,117.4642730361229,46.142227208017715,13329700.0,49.902966876328726,-3.082924522175958,-5.1386318528498345,4.111414661347753,1.69,16.56,0.64,79.48990543213812,33.03140162075146,-2.1369622671047694
72,2018-04-17,82.2300033569336,87.4800033569336,81.69000244140625,86.44000244140625,85.81625366210938,1446300,81.8239990234375,-0.5097508806655884,113.05983778865723,48.82932923404786,11883400.0,43.3652083638779,-2.3210505688900156,-4.911008305867798,5.179915473955564,1.69,15.25,0.68,79.36804859902777,55.87149692831952,7.245662627599492
73,2018-04-18,87.30000305175781,88.66000366210938,84.8499984741211,85.6500015258789,85.03196716308594,962500,83.15599975585937,-0.22117270001227118,110.82671132632487,50.23645599138346,12845900.0,56.88642510568853,-1.760710073749209,-4.594894133096059,5.668368118693699,1.69,15.6,0.56,75.26240330646505,71.98579780187764,-0.9139297700307747
74,2018-04-19,84.6500015258789,86.5,80.30000305175781,81.08999633789062,80.50484466552734,1201300,84.00800018310547,-0.3957351505899041,108.64815788715148,51.712042867649956,14047200.0,56.58172417627678,-1.6653928908573192,-4.177775190149957,5.024764598585275,1.69,15.96,0.64,76.16036604031545,78.04011911254365,-5.323998957093412
75,2018-04-20,81.1500015258789,82.37999725341797,79.06099700927734,80.3499984741211,79.77019500732422,983100,83.22799987792969,-0.7504887310949535,104.54099055319789,54.54787688861528,15030300.0,51.30637060345779,-1.6307665185691604,-3.671029673986968,4.080526310835615,1.69,16.88,0.65,78.5160253788284,76.93027264860275,-0.9125636911932578
76,2018-04-23,80.0,80.61900329589844,75.5999984741211,77.86000061035156,77.29816436767578,1289300,82.8259994506836,-0.6425721023158407,102.02076418923988,56.08713655742355,16319600.0,60.50990442965305,-1.7836856688028178,-3.1508042136160146,2.7342370896263937,1.69,16.34,0.61,74.19233505035028,76.64626490853631,-3.098939528382816
77,2018-04-24,78.79000091552734,79.19999694824219,72.0199966430664,73.73999786376953,73.20789337158203,1532400,82.27799987792969,-0.4885876047027619,101.0264025961165,56.38529835196295,17852000.0,56.9379697846932,-2.211828405393561,-2.7243315901978997,1.0250063696086773,1.69,18.02,0.68,45.87277342981282,76.28957548983136,-5.291552420093703
78,2018-04-25,74.0,75.51000213623047,70.0999984741211,73.3499984741211,72.82071685791016,1498700,79.73799896240234,-0.8599638225879965,99.29503647829206,56.91866413409399,19350700.0,46.71463607165188,-2.553172912091668,-2.4269603849170047,-0.2524250543493265,1.69,17.84,0.7,18.870842616293125,66.1937112863305,-0.5288844601934239
79,2018-04-26,74.19999694824219,78.09400177001953,73.45999908447266,77.08999633789062,76.5337142944336,1264100,77.27799835205079,-0.5993013036421706,98.94365793828467,56.35370915766259,18086600.0,50.93949620790895,-2.493164671373904,-2.2694914631009024,-0.4473464165460035,1.69,16.24,0.61,1.2258848412204209,46.31198369881874,5.098838366150815
80,2018-04-27,77.7300033569336,80.05000305175781,76.69999694824219,79.02999877929688,78.45972442626953,1181800,76.47799835205078,-0.5104947840362315,98.94380890848569,56.33935810404685,16904800.0,61.908904795329725,-2.2629795054415496,-2.1669662479892904,-0.19202651490451839,1.69,15.41,0.64,0.0,21.989833629108787,2.5165423966335254
81,2018-04-30,79.62999725341797,80.55000305175781,74.6500015258789,74.6500015258789,74.11133575439453,1332800,76.21399841308593,-0.3769959080209684,98.85980544024088,56.34102794395508,18237600.0,59.177953369832785,-2.4062475522863878,-2.0758612461299117,-0.660772612312952,1.69,15.93,0.61,6.716948308811166,6.698909152504515,-5.542195775112901
82,2018-05-01,74.9800033569336,77.25,73.19999694824219,77.16000366210938,76.60321807861328,834700,75.5719985961914,-0.5472657785242164,98.42095370606972,57.27917980833458,17402900.0,43.3532045529628,-2.2908448823682477,-2.0853275776183975,-0.4110346094997004,1.7,15.49,0.68,16.918095430709208,2.647611050010529,3.3623604620561576
83,2018-05-02,75.58000183105469,78.94999694824219,74.69999694824219,75.7699966430664,75.2232437133789,904700,76.25599975585938,-0.3236881013442928,97.37409076210662,58.96340923789339,16498200.0,44.64421987954484,-2.285206941559821,-2.144231445242735,-0.28195099263417145,1.7,15.97,0.65,19.25287037391011,7.8783479131734575,-1.8014605405281436
84,2018-05-03,75.05000305175781,77.447998046875,70.38999938964844,71.87000274658203,71.35138702392578,1888900,76.73999938964843,-0.7052877945541658,97.17609857923297,59.41673436754438,18387100.0,37.63412319093575,-2.5658581313404483,-2.2130996730985686,-0.7055169164837594,1.7,15.9,0.76,20.279834328310546,14.295971371143494,-5.147148039158922
85,2018-05-04,72.06999969482422,77.12000274658203,71.72000122070312,75.63999938964844,75.09418487548828,1373400,75.69600067138671,-0.6570508155958249,97.31061978613371,59.18781313622958,17013700.0,36.39429966630562,-2.4557605206807693,-2.316998741184267,-0.2775235589930043,1.7,14.77,0.55,16.647629686073667,18.816933377643284,5.245577430071413
86,2018-05-07,76.30999755859375,79.55000305175781,76.21499633789062,78.36000061035156,77.79456329345703,921600,75.01800079345703,-0.36476980165500733,95.2893908248965,61.94237543080014,16092100.0,43.885603488604154,-2.124535679672732,-2.391673724726262,0.5342760901070598,1.7,14.75,0.54,14.312854742872764,18.72677812943144,3.595982605303094
87,2018-05-08,77.77999877929688,77.77999877929688,75.69400024414062,77.18000030517578,76.6230697631836,747000,75.76000061035157,-0.14202391766956243,94.43563312728922,63.410666616363144,16839100.0,39.20939996772179,-1.9349488835160997,-2.3819745329795032,0.894051298926807,1.7,14.71,0.61,18.59444484525915,17.080106252418993,-1.5058707197354249
88,2018-05-09,77.75,83.08000183105469,76.52999877929688,81.77999877929688,81.18988037109375,1063300,75.76399993896484,-0.30625697904023197,94.46323695982177,63.29149606223227,15775800.0,38.805180001669875,-1.3974100751043466,-2.3132829742488843,1.8317457982890755,1.7,13.42,0.58,32.727240869005904,16.518309758068526,5.960091287810743
89,2018-05-10,82.30000305175781,84.86000061035156,79.20099639892578,79.7699966430664,79.19437408447266,1426400,76.96600036621093,-0.2295560515504782,94.38700745463173,63.3153922442615,17202200.0,50.911014695501095,-1.1206785856479513,-2.191532463552267,2.141707755808631,1.7,13.23,0.51,50.14848642228199,21.878180152379272,-2.457816295222681
90,2018-05-11,79.25,86.80000305175781,79.05000305175781,86.7300033569336,86.10416412353516,1733000,78.5459991455078,-0.5296228009541766,93.53877591166689,63.8446568581085,15469200.0,49.25906765444651,-0.33588068840754204,-2.064610139130756,3.4574589014464276,1.7,12.65,0.6,64.15396416214479,33.82339071218235,8.725093401984175
91,2018-05-14,87.5,90.73999786376952,86.5,89.95999908447266,89.31086730957031,1587500,80.76399993896484,-0.19490585225610343,93.91223309778918,63.59183336949598,13881700.0,60.16968707941899,0.540480635996559,-1.8345693764775508,4.750100024948219,1.7,12.93,0.62,61.65078182098829,49.00989715114423,3.724196474714936
92,2018-05-15,88.1500015258789,88.95999908447266,86.375,88.36000061035156,87.72240447998047,889200,83.08399963378906,0.1262800220006102,96.63545363874692,61.62194611100893,12992500.0,68.9840832832684,1.0932939818420095,-1.5199776522147945,5.226543268113608,1.7,14.63,0.62,74.41437740958885,58.65107746847169,-1.7785665744823875
93,2018-05-16,87.41000366210938,92.81999969482422,87.41000366210938,91.9000015258789,91.2368621826172,966300,85.31999969482422,0.01702464170450345,97.65366773859762,60.873231726327525,12026200.0,67.08399958110404,1.796343895844558,-1.1445886607257023,5.88186511314052,1.7,13.42,0.5,78.01484315885466,66.73970779757398,4.006338717830005
94,2018-05-17,91.5199966430664,93.44000244140624,90.0199966430664,92.62000274658205,91.95166015625,838500,87.34400024414063,0.3782036204600661,99.52155046917649,59.437682369772105,11187700.0,66.93345992579268,2.384131317346018,-0.6598995465940349,6.088061727880106,1.7,13.43,0.57,86.82693253340712,71.36000079647727,0.7834615982029058
95,2018-05-18,92.5,94.05999755859376,89.56700134277344,92.1500015258789,91.48504638671876,771500,89.91400146484375,0.7688412415725203,102.66838643019942,57.23051315679605,11959200.0,65.9844781043926,2.7799859653911057,-0.12213378681328083,5.804239504408773,1.7,13.42,0.66,82.32930041538131,79.7520510339502,-0.5074510977818858
96,2018-05-21,93.6500015258789,94.48999786376952,85.45999908447266,86.79000091552734,86.1637191772461,1439200,90.99800109863281,0.884965696832754,105.52437974594531,55.50738676406447,13398400.0,72.66839019800844,2.63086934790104,0.4228130626382567,4.416112570525566,1.7,13.08,0.54,81.69969634596553,82.39035870254769,-5.816603930110942
97,2018-05-22,87.75,90.0,85.26000213623047,87.61000061035156,86.97781372070312,808200,90.36400146484375,0.765098836090814,106.98588202573035,55.134584333726075,14206600.0,61.616400711585904,2.5494717531822744,0.9301261994623834,3.2386911074397817,1.7,13.22,0.58,81.85882722513749,83.61864309825133,0.944808948236231
98,2018-05-23,86.48999786376953,90.73999786376952,86.22000122070312,88.5999984741211,87.96067810058594,669400,90.21400146484375,0.9524818339291311,107.58995640656477,55.79417699594174,13537200.0,64.48141482726642,2.53561908829667,1.3686686248275635,2.333900926938213,1.7,12.58,0.65,69.2005800244345,81.96260799549476,1.1300055437421852
99,2018-05-24,88.1500015258789,90.33999633789062,87.19000244140625,89.69999694824219,89.05271911621094,335400,89.55400085449219,0.8915959206585279,107.7218251848254,57.215641500151804,13201800.0,72.03054410018959,2.5836190828227643,1.7749239219325215,1.6173903217804857,1.7,12.53,0.64,57.12448651546797,77.58636786517917,1.241533287884189
100,2018-05-25,89.36000061035156,91.1999969482422,88.25,90.01000213623047,89.36048889160156,557100,88.96999969482422,0.8173947767256785,108.30593040812506,57.917736228024026,12644700.0,69.91500898452982,2.6165127222161146,2.0993127854025553,1.0343998736271187,1.7,13.22,0.61,33.99183390243695,69.39463125501332,0.3456022280214244
101,2018-05-29,88.61000061035156,91.16999816894533,84.91000366210938,88.5199966430664,87.88124084472656,1080900,88.54199981689453,0.7232343110770576,109.15584953316272,58.19048377982556,13725600.0,67.71054885931412,2.493605446249475,2.3299830172047282,0.327244858089494,1.7,17.02,0.65,31.472071717133787,53.438966814113144,-1.655377688924986
102,2018-05-30,89.7300033569336,94.12999725341795,89.44000244140625,93.4800033569336,92.80545806884766,1009600,88.88799896240235,1.0901939789931365,109.16334735043459,59.34131904157387,12716000.0,67.07830145840876,2.764563467082695,2.4855731799166687,0.5579805743320527,1.7,14.94,0.56,26.175080072083762,40.86279737834624,5.603261299101847
103,2018-05-31,93.7300033569336,98.87999725341795,93.7300033569336,97.56999969482422,96.86593627929688,1228400,90.06199951171875,0.9258580862003531,109.6922220755215,60.46044439786721,11487600.0,67.43146223076903,3.2716150321018915,2.593153132276462,1.3569237996508594,1.7,15.43,0.63,28.157430084823417,30.54632856388483,4.375263362233572
104,2018-06-01,98.9000015258789,101.8000030517578,98.18000030517578,101.02999877929688,100.30097198486328,1023100,91.85599975585937,1.1686431571960045,111.36564868593904,60.81235144630382,10464500.0,74.97193565623039,3.9076056150566245,2.6917624339160033,2.4316863622812424,1.82,13.46,0.56,40.92591482611582,28.601527291346986,3.546171051854774
105,2018-06-04,102.83999633789062,103.71900177001952,94.54000091552734,100.25,99.52659606933594,1368800,94.12200012207032,1.4440786506588528,112.73767394624386,62.15039291776981,11833300.0,72.24640992438259,4.299135592355796,2.817053506101061,2.96416417250947,1.82,12.74,0.55,55.018951858834974,31.75280832767433,-0.7720467076326565
106,2018-06-05,99.6999969482422,103.25,99.41000366210938,102.55999755859376,101.8199234008789,818100,96.16999969482421,1.3659941430268683,113.26215439273659,64.09354578223088,11015200.0,67.32906268975509,4.7411701593884885,3.0024164221515894,3.477507474473798,1.82,12.4,0.48,77.10288909181516,41.36743225659141,2.304236966178319
107,2018-06-06,102.83999633789062,105.54000091552734,102.0199966430664,104.3000030517578,103.5473861694336,687800,98.97799987792969,1.4124994572149905,114.92103239395453,64.80450115503635,10327400.0,73.35525110488155,5.172266965955529,3.2459384672856135,3.8526569973398317,1.82,11.64,0.53,76.22582969924174,57.68258525892198,1.696573259150047
108,2018-06-07,104.19000244140624,104.3000030517578,96.87999725341795,99.06999969482422,98.35511779785156,1279600,101.14199981689453,1.3633771469349916,116.1701287396837,66.26227151869848,11607000.0,71.6783139366296,5.033869415949752,3.538899342581042,2.9899401467374203,1.82,12.13,0.56,75.3857457271848,69.44922354996396,-5.0143846633813105
109,2018-06-08,98.5,100.83999633789062,97.66999816894533,99.62000274658205,98.9011459350586,495500,101.44199981689454,1.1467544159712277,116.23263853400033,68.1617617447269,11111500.0,59.74025046338583,4.911947141117352,3.811149379595152,2.2015955230444,1.82,12.18,0.6,72.77919767669137,76.2381548394139,0.5551660981649942
110,2018-06-11,99.88999938964844,100.5999984741211,96.5009994506836,98.2699966430664,97.5608901977539,634200,101.16000061035156,1.3718760476314589,115.69495908346585,70.50940798196385,11745700.0,61.253385412715794,4.652754591140678,4.066197648361956,1.1731138855574432,1.82,12.35,0.54,67.42495248708393,74.79692436770597,-1.3551556577947932
111,2018-06-12,98.4499969482422,102.68000030517578,98.1500015258789,101.48999786376952,100.7576675415039,721700,100.76399993896484,1.126083330368433,115.30351713702835,72.32721609864875,11024000.0,69.67098458330152,4.653526854877256,4.306103108905423,0.6948474919436674,1.82,12.34,0.5,60.478301094237025,71.86329863032005,3.2766880336820625
112,2018-06-13,101.62999725341795,104.48999786376952,100.25,102.08999633789062,101.3533172607422,669300,100.55,1.063276884386531,116.23986850009437,72.56153149380212,10354700.0,71.97591258527797,4.648963385884201,4.5159879297714856,0.2659509122254313,1.82,12.94,0.54,44.8986094006308,66.89415041933744,0.5911897593361859
113,2018-06-14,103.08999633789062,103.91999816894533,101.5,103.2699966430664,102.52481079101562,480800,100.10799865722656,0.9175553973878933,117.13051982082578,73.10871332329859,9873900.0,71.62550001357586,4.68653945718988,4.669026635747297,0.03502564288516652,1.82,12.12,0.5,38.91629671996518,57.60062099398392,1.1558432241199235
114,2018-06-15,101.5,103.74700164794922,100.79499816894533,102.23999786376952,101.5022430419922,502800,100.947998046875,0.8420942158161332,118.3424300794907,73.11546939560694,9371100.0,71.6980938729452,4.580406397246833,4.75557484042877,-0.35033688636387517,1.82,11.98,0.61,32.55699507183812,48.09773573827766,-0.99738434470652
115,2018-06-18,100.68000030517578,103.73999786376952,99.02999877929688,103.0,102.25675964355467,763600,101.4719970703125,0.7207510453027579,119.26987545840433,73.21142387834698,8607500.0,69.1153294684755,4.505682302492204,4.78682715208333,-0.5622896991822515,1.82,12.31,0.54,37.79133891878828,38.790633730811365,0.7433510877447036
116,2018-06-19,101.12999725341795,107.9800033569336,101.0999984741211,107.68000030517578,106.92272186279295,995300,102.41799774169922,0.7920487048992566,119.91996673284142,73.56109914443722,7612200.0,73.16058109302364,4.769124334621637,4.76066183465041,0.016924999942453667,1.82,13.35,0.59,41.3675364974569,36.421543570197194,4.543689616675506
117,2018-06-20,109.25,114.98999786376952,109.0,114.79000091552734,113.98270416259766,938200,103.65599822998047,1.0877369624623583,120.80687862495948,74.34152072806786,6674000.0,72.91799856770356,5.488355327746859,4.7158682089466435,1.5449742376004316,1.82,12.79,0.56,47.234721876927836,37.23862349602777,6.602898022103565
118,2018-06-21,114.79000091552734,116.12000274658205,107.1520004272461,107.81999969482422,107.06172943115234,1176200,106.19599914550781,1.2283166909650183,123.80914466277711,73.86958789134071,7850200.0,75.3235198420267,5.433298540335912,4.766366643590767,1.3338637934902895,1.82,14.64,0.56,59.40846868182655,42.13119909772434,-6.071958502580966
119,2018-06-22,108.8499984741211,109.09700012207033,104.61000061035156,107.75,106.99221801757812,587600,107.10599975585937,1.0893321938791487,124.94087883040848,74.92225390071133,8437800.0,59.05091677780572,5.322660927360332,4.824294576837273,0.9967327010461169,1.82,13.77,0.56,74.5516891048219,49.336909018737096,0.0
120,2018-06-25,105.5,106.4000015258789,97.3499984741211,99.0,98.30377197265624,1243600,108.20800018310547,1.027215822928992,124.49639369681503,77.17430586780085,9681400.0,60.190212320968456,4.477316234261394,4.898728614195012,-0.842824759867236,1.82,17.33,0.61,73.3345170718252,60.39829322119209,-8.120649651972156
121,2018-06-26,100.0199966430664,101.8499984741211,95.30500030517578,99.7300033569336,99.02863311767578,795700,107.40800018310547,0.8889245974243896,122.78771799633626,79.99264826546388,10477100.0,45.883446056818826,3.822219477722612,4.8791496563488055,-2.1138603572523866,1.82,15.92,0.52,57.621204124849676,69.09822495282454,0.7373771282157549
122,2018-06-27,100.2699966430664,101.11900329589844,90.0999984741211,90.37000274658205,89.73445129394531,1217400,105.81800079345703,0.9165806137489261,119.78198753630909,84.07454551422802,11694500.0,44.58915737593028,2.5187422610590886,4.78728922210863,-4.537093922099082,1.82,17.91,0.67,27.83771900689506,68.50247010049893,-9.38534071522299
123,2018-06-28,90.3499984741211,92.6999969482422,85.45999908447266,91.83000183105467,91.18418884277344,1311000,100.93400115966797,0.6251604326965118,119.24653963545975,84.76129346390547,10383500.0,40.616917633506155,1.585262975413869,4.546422866982986,-5.922319783138233,1.82,16.85,0.65,12.780982993441834,52.93114673452332,1.6155793295334897
124,2018-06-29,93.2699966430664,98.48999786376952,93.0,94.94000244140624,94.27230834960938,977500,97.73600158691406,0.6534415606521716,121.37924279981098,81.95559021817405,9406000.0,41.76010265059655,1.083930102581263,4.213629153445989,-6.259398101729452,1.82,16.09,0.69,1.1690339840035022,32.74663537506219,3.3866933990410075
125,2018-07-02,92.5,98.1500015258789,91.3000030517578,98.1500015258789,97.45973205566406,623400,95.17400207519532,0.4926305506476611,121.8414413049419,81.00739165200798,8782600.0,46.604126283501905,0.9348637604899181,3.8334344645669964,-5.797141408154157,1.91,15.6,0.58,2.756334386359011,13.929245328113467,3.381081737862579
126,2018-07-03,99.0,101.9800033569336,96.81700134277344,100.33999633789062,99.63431549072266,616200,95.00400238037109,0.6093509792825411,122.17304096067399,80.31215877687485,8166400.0,46.593231286429116,0.982120614106023,3.407405511885694,-4.850569795559342,1.91,16.14,0.67,6.555770883951201,5.568783787934781,2.2312733346563363
127,2018-07-05,101.8000030517578,103.5500030517578,98.8000030517578,101.9000015258789,101.18336486816406,699100,95.1260009765625,0.5454095667070626,122.10772203186718,80.17471103291146,7467300.0,48.27109269028337,1.1323978151079501,2.9067127659256013,-3.5486299016353025,1.91,14.97,0.6,15.014129059678396,3.493713084771238,1.554719199645005
128,2018-07-06,103.27999877929688,110.68000030517578,102.93000030517578,110.51000213623048,109.7328109741211,1101300,97.43200073242187,0.5370009033852485,121.82474765519068,80.2040189768894,6366000.0,48.65660426593681,1.9240692000223163,2.428834907566939,-1.0095314150892456,1.91,13.37,0.57,24.26613328927223,8.108744776662869,8.449460727598668
129,2018-07-09,112.0,113.25,106.52400207519533,109.8499984741211,109.0774383544922,1021300,101.16800079345703,0.7610232874916393,123.07630865476793,79.74812473553155,7387300.0,57.05993105539643,2.469747979259637,2.051213604529382,0.83706874946051,1.91,12.69,0.53,35.557479018366614,15.278677744300609,-0.5972343220985277
130,2018-07-10,110.44000244140624,111.52999877929688,106.49099731445312,107.87999725341795,107.12129974365234,651400,104.15,0.7158074365080934,124.7164985531761,79.15773494698665,8038700.0,55.85770261441448,2.7119777177027657,1.828150465084742,1.7676545052360475,1.91,12.64,0.74,53.71820412948648,24.94591378910575,-1.7933557105758502
131,2018-07-11,105.8499984741211,109.5999984741211,105.06999969482422,108.47000122070312,107.70716094970705,485300,106.09599914550782,0.6699079713303757,125.70414592161899,79.18775420452033,7553400.0,50.17933726077418,2.9179189663780534,1.7047902695269812,2.4262573937021443,1.91,13.63,0.59,66.2446126866706,37.84727214570844,0.5469076587935051
132,2018-07-12,110.27999877929688,112.41999816894533,108.55999755859376,112.22000122070312,111.4307861328125,527200,107.72200012207031,0.6679804108357207,126.43560795630879,79.15029215965802,7026200.0,43.58245531018268,3.345161608885732,1.749143236784644,3.192036744202176,1.91,12.58,0.56,70.98754798129193,51.840098611507905,3.457177060752392
133,2018-07-13,111.7699966430664,112.79000091552734,109.8010025024414,111.1999969482422,110.4179458618164,444100,109.78600006103515,0.8286566507379766,127.93943217715459,78.52546803036493,7470300.0,54.78053062574448,3.560406510951708,1.9446875293926287,3.2314379631181587,1.91,12.18,0.62,64.32768124890353,63.65012159914968,-0.9089326870126091
134,2018-07-16,110.81999969482422,111.43000030517578,104.23999786376952,105.79000091552734,105.04601287841795,882400,109.9239990234375,0.7446018165636873,129.3246165504726,77.97698384218687,8352700.0,53.672552414100736,3.256904610975411,2.2198515747671226,2.074106072416577,1.91,12.83,0.7,67.2034277131858,67.1866139722887,-4.865104479483873
135,2018-07-17,105.0,110.41999816894533,104.27999877929688,109.91000366210938,109.13703155517578,525700,109.11199951171875,0.6604570293389235,129.711233536893,78.0796335692268,7827000.0,57.78134193019953,3.310663687804251,2.4778561137099553,1.665615148188591,1.91,12.06,0.65,66.01843966532881,67.50621898112708,3.894510550077257
136,2018-07-18,109.4000015258789,109.94000244140624,105.87999725341795,109.4000015258789,108.630615234375,431500,109.51800079345703,0.686745430546132,130.22122031299781,78.19764692536485,7827000.0,60.82517835855126,3.274370330431779,2.736583121898647,1.0755744170662638,1.91,12.1,0.56,57.11422427309975,65.84984954247271,-0.4640179412588652
137,2018-07-19,107.91000366210938,111.27899932861328,106.11000061035156,110.33999633789062,109.56399536132812,604500,109.7040008544922,0.6611067974647732,130.5967847359784,78.10408247186669,7222500.0,74.9279435221126,3.2836059433581823,2.9745800680457393,0.6180517506248862,1.91,12.87,0.62,49.350282100416905,63.44536388387146,0.8592274212988471
138,2018-07-20,109.83000183105467,112.4800033569336,109.10399627685548,109.5500030517578,108.77955627441406,518800,109.32799987792968,0.6177756693035958,129.63459358450967,78.69790687325398,7741300.0,74.58166003426233,3.1904024042402597,3.125639706194169,0.1295253960921814,1.91,12.86,0.66,41.192727677536034,57.494315346281816,-0.7159627626900145
139,2018-07-23,109.26000213623048,110.31999969482422,107.0999984741211,108.51000213623048,107.74687957763672,498200,108.99800109863281,0.6373282546610329,129.63802188074672,78.69587857091344,8239500.0,70.67647870528766,2.9980587902540634,3.205712420080905,-0.41530725965368287,1.91,12.62,0.55,46.97085394253574,49.21907801701756,-0.9493390110048239
140,2018-07-24,110.51000213623048,111.80999755859376,100.4000015258789,101.70999908447266,100.99469757080078,1579000,109.54200134277343,0.5581214615141038,129.88495868925415,78.59804174816449,9818500.0,65.62122959321252,2.270745928554817,3.2374992059199377,-1.9335065547302417,1.91,12.41,0.63,43.152208953695975,45.837954573496226,-6.26670621867712
141,2018-07-25,101.38999938964844,105.19499969482422,100.0,101.5,100.7861785888672,639200,107.9020004272461,0.5500311485965712,129.8897143141708,78.965619395546,9179300.0,51.81361174857708,1.658284404205105,3.1655910906062448,-3.0146133728022795,1.91,12.29,0.61,42.09628939222746,43.77193019125591,0.0
142,2018-07-26,100.2699966430664,104.0500030517578,97.91000366210938,101.4499969482422,100.7365264892578,691500,106.3220001220703,0.432188683266359,129.64798941068898,79.53434421764763,8487800.0,49.450849173262434,1.1555489561646226,2.978160290086175,-3.645222667843105,1.91,12.14,0.63,25.26316196499815,44.07311742948639,0.0
143,2018-07-27,101.62999725341795,101.81700134277344,90.08000183105467,92.83000183105467,92.17715454101562,2268700,104.54400024414062,0.6064942458356825,128.2615044466709,81.64819581984926,10756500.0,33.74012471564359,0.060864319933742195,2.7109538951098324,-5.3001791503521805,1.91,13.03,0.67,10.604289473105018,36.837220103640526,-8.496791894025668
144,2018-07-30,93.0,93.58000183105467,87.0,88.3499984741211,87.72864532470703,1827200,101.2,0.4104960515516358,126.27111787150712,84.1298159663835,12583700.0,26.242327208163417,-1.1548673787482215,2.3558383072163136,-7.02141137192907,1.91,14.26,0.72,0.0,25.98791361011021,-4.826029590182424
145,2018-07-31,89.13999938964844,94.5500030517578,88.30000305175781,93.3000030517578,92.64385223388672,1298500,97.16799926757812,0.37257979397092333,128.5855591256472,81.23204137891008,11285200.0,24.52387445038707,-1.6993306820209284,1.8596681887104833,-7.1179977414628235,1.91,12.83,0.69,0.0,11.95581714603439,5.602721746607187
146,2018-08-01,93.30999755859376,96.3000030517578,91.72000122070312,93.93000030517578,93.26942443847656,794200,95.48600006103516,0.30178542943490927,129.7554798503986,79.68045408921733,10491000.0,32.232376081769075,-2.056282712152594,1.3070347428824047,-6.726634910069998,1.91,13.15,0.67,0.0,3.5347631577016725,0.6752381916520278
147,2018-08-02,91.8000030517578,95.98899841308594,91.66999816894533,95.62999725341795,94.95745086669922,748800,93.97200012207031,0.23935514280607653,130.845622421087,78.01741163653021,9742200.0,26.889056031608092,-2.1769002702346825,0.7137137811589851,-5.781228102787335,1.91,12.19,0.58,6.475672325333131,0.0,1.8098551503448634
148,2018-08-03,96.25,96.56199645996094,90.69000244140624,91.1500015258789,90.50897216796876,973900,92.80800018310546,0.32669257024372295,131.8041874659515,76.36014613186757,10716100.0,30.658381806060902,-2.6039718023222207,0.11734681732843594,-5.442637239301313,1.91,11.64,0.56,13.77551677313781,2.1585574417777105,-4.684718034307933
149,2018-08-06,91.0999984741211,93.56999969482422,89.27300262451172,92.58000183105467,91.9289093017578,626400,92.47200012207031,0.04302397455258876,132.4493465040854,74.1910536830891,10089700.0,31.383516856657764,-2.794823014771964,-0.5051010262911512,-4.579443976961626,1.91,11.27,0.62,23.556518379585224,6.750396366156981,1.5688428757401285
150,2018-08-07,93.43000030517578,95.5,92.48999786376952,95.33000183105467,94.65957641601562,840300,93.31800079345703,0.13121008158286113,132.53515688645686,72.29854342075343,9249400.0,26.344517144376965,-2.6931272636739436,-1.0679420199941267,-3.2503704873596337,1.91,10.93,0.64,20.842774480007403,14.602569159352056,2.9704039161916995
151,2018-08-08,94.98999786376952,96.5,92.16100311279295,93.86000061035156,93.1999053955078,690700,93.7240005493164,0.34089512734703936,132.02282433157868,71.39150952055348,9940100.0,31.901203725312612,-2.7000252510615184,-1.551432205314021,-2.2971860914949946,1.91,10.85,0.62,21.29231801036769,19.391603210910148,-1.542013209344384
152,2018-08-09,93.33000183105467,98.27999877929688,92.5500030517578,93.2300033569336,92.57433319091795,857800,93.71000061035156,0.22758751875548106,131.49737655417178,70.56299077574357,10797900.0,29.086296598373863,-2.724916329759637,-1.979829339450259,-1.4901739806187555,1.91,11.27,0.62,25.15745933176365,21.897203623320106,-0.6712095134468687
153,2018-08-10,92.5,95.88999938964844,91.75,92.19000244140624,91.54165649414062,793500,93.2300018310547,-0.03399325224231476,129.6921105587896,70.73025704578396,11591400.0,29.204892223130628,-2.796327745593544,-2.2893605227495235,-1.013934445688041,1.91,13.16,0.7,33.79120622690767,22.430850607379583,-1.1155216969645387
154,2018-08-13,92.83000183105467,93.03399658203124,88.37100219726562,90.9000015258789,90.26072692871094,1037600,93.43800201416016,-0.15287710178274688,127.54174469768418,71.08192295571752,12629000.0,29.204892223130585,-2.923315933646876,-2.471745007954559,-0.9031418513846337,1.91,14.78,0.64,40.462638020961066,26.746994523013,-1.3992850432423265
155,2018-08-14,92.20999908447266,94.1500015258789,90.8499984741211,91.94000244140624,91.29340362548828,665300,93.102001953125,-0.05133749612899713,126.69526050528997,70.28990718880182,13294300.0,33.97569088666104,-2.9065309260836756,-2.607743369246331,-0.5975751136746892,1.91,13.31,0.66,30.290113532510816,33.137101193210796,1.1441153994164122
156,2018-08-15,90.5199966430664,91.11499786376952,85.1500015258789,86.5999984741211,85.99095153808594,1352100,92.42400207519532,-0.23946278425948778,124.90835512426409,70.48781263086286,14646400.0,36.16898403655041,-3.2862406420374413,-2.702215393016451,-1.1680504980419801,1.91,14.64,0.66,17.894438211611487,34.84798592679318,-5.808139901549758
157,2018-08-16,88.19999694824219,90.0,85.4000015258789,88.91000366210938,88.28471374511719,851000,90.97200164794921,-0.4402675395211998,123.35352553612087,69.96414210710832,13795400.0,31.367629808361414,-3.362010055300871,-2.8254754343278687,-1.0730692419460048,1.91,13.45,0.6,6.9721257703077555,29.54906325502779,2.667442527355912
158,2018-08-17,88.75,89.5,86.21600341796875,89.0199966430664,88.39393615722656,605900,90.10800170898438,-0.44204727326525767,120.63381883668998,70.56988243691029,13189500.0,44.15623558399657,-3.3742856819659437,-2.909701906881052,-0.9291675501697831,1.91,12.64,0.7,3.4985073309146277,18.385559171476686,0.0
159,2018-08-20,89.0999984741211,89.8499984741211,86.75,87.37999725341797,86.76547241210938,735400,89.4740005493164,-0.2066013183477814,116.3042112099981,72.68622330945178,13924900.0,51.148437111762654,-3.4762761022371222,-2.9740866476803833,-1.0043789091134778,1.91,12.49,0.55,9.362954325593032,9.455023770944623,-1.8422820169541887
160,2018-08-21,87.63999938964844,92.9800033569336,87.47000122070312,92.2699966430664,91.62108612060548,866600,88.76999969482422,-0.2965416912226459,111.69070588331277,75.23472848354925,13058300.0,38.55373664892472,-3.1264820231928923,-3.0611031852985144,-0.13075767578875563,1.91,12.86,0.58,12.008134923517192,6.611195808938471,5.596245758015472
161,2018-08-22,92.25,97.3499984741211,92.02999877929688,97.0,96.31781768798828,883300,88.83599853515625,-0.052866626964094304,107.94169592482251,77.61040521043142,12175000.0,47.24434938377177,-2.4394752031812885,-3.108487271090889,1.338024135819201,1.91,12.25,0.6,13.988330258525933,8.28986552667495,5.1262637141203715
162,2018-08-23,96.8499984741211,97.9000015258789,92.76000213623048,94.87000274658205,94.20280456542967,759800,90.91599884033204,0.1608745233992105,105.18103437408764,79.69390001311938,12934800.0,52.06636905508517,-2.0433360202177226,-3.0767715903599617,2.066871140284478,1.91,12.41,0.61,22.51839800113308,11.786473169212051,-2.195873457131914
163,2018-08-24,95.95999908447266,97.5,93.62999725341795,95.16000366210938,94.49075317382812,767400,92.10799865722656,0.10720510156291216,102.45641189934499,81.82252257941478,13702200.0,56.038962422263204,-1.6865507067401637,-2.9931058430959814,2.6131102727116353,1.91,11.99,0.57,44.790021895732544,16.171621061058733,0.3056824150221571
164,2018-08-27,96.76000213623048,101.5999984741211,96.4800033569336,100.62999725341795,99.92229461669922,1075400,93.33600006103515,0.14225017903521311,102.60363573047209,81.72739861197584,12626800.0,54.34929452545999,-0.9514453375380754,-2.855687484550791,3.8084842940254315,1.91,12.16,0.53,64.4307527632361,27.09891671846385,5.748206579238091
165,2018-08-28,100.95999908447266,102.54000091552734,99.37799835205078,102.33000183105467,101.61033630371094,573000,95.98600006103516,0.3308965793293957,104.65287760661793,80.67082336180654,12053800.0,58.184057862765634,-0.22905249977581832,-2.638455752490169,4.818806505428701,1.91,12.5,0.53,72.41533655663886,43.91305755336723,1.6893616456687077
166,2018-08-29,102.91000366210938,106.08000183105467,101.75,105.2300033569336,104.4899444580078,831500,97.99800109863281,0.3765488803669372,107.31762657099736,78.94267412887243,11222300.0,62.986815489378515,0.5708742327265384,-2.2987681811277665,5.73928482770861,1.91,12.25,0.55,72.42961213361262,60.545370405202505,2.833969973602435
167,2018-08-30,104.56999969482422,108.7699966430664,104.56999969482422,106.58000183105467,105.8304443359375,1113700,99.64400177001953,0.47445770196482523,110.88722821286956,76.41007250734532,10108600.0,67.20183245431991,1.2987839529049978,-1.8617810380136097,6.321129981837215,1.91,13.53,0.58,79.88298602834466,69.75856715116254,1.2829026238286412
168,2018-08-31,106.0,108.43000030517578,104.63999938964844,107.3000030517578,106.54537963867188,697300,101.98600158691406,0.333568254187995,114.89256256477387,73.62577163322419,9411300.0,70.44614718854993,1.9117186293071171,-1.3425510785835053,6.508539415781245,1.91,12.86,0.63,87.45758519119568,74.90931157286538,0.6755500172015649
169,2018-09-04,107.37999725341795,107.61000061035156,102.27999877929688,106.73999786376952,105.98931121826172,969000,104.41400146484375,0.5327223322028946,118.23576009024407,71.68150751839852,10380300.0,73.6857311160931,2.3254793593062004,-0.7438849973008119,6.138728713214025,1.95,13.16,0.59,88.09249598131413,79.92339445105098,-0.5219060317436797
170,2018-09-05,105.95999908447266,106.0,101.25,104.0500030517578,103.3182373046875,780700,105.63600158691406,0.5493867637038382,120.46403255116104,70.82680149424911,11161000.0,71.67544285229351,2.4085632014036236,-0.13811151035646832,5.093349423520184,1.95,13.91,0.62,82.5393377288721,85.14435573361816,-2.5201375921375946
171,2018-09-06,104.0,105.48999786376952,95.49500274658205,96.33000183105467,95.65253448486328,1425100,105.9800018310547,0.4382785392359851,121.8816078612765,70.3418929626981,12586100.0,77.70721778567288,1.8303688127753759,0.4005594234862997,2.8596187785781524,1.95,14.65,0.74,76.22163492172352,86.02980630046063,-7.419510806609919
172,2018-09-07,94.97000122070312,99.39900207519533,91.72000122070312,95.1999969482422,94.5304718017578,867000,104.20000152587889,0.3429034643131393,122.18999409396773,70.52664002061559,11719100.0,60.05419972393579,1.2663657676397264,0.830971071596644,0.8707893920861649,1.95,14.88,0.69,66.27019826546591,82.28448954396993,-1.1730560171630544
173,2018-09-10,96.52999877929688,97.3499984741211,94.05500030517578,95.70999908447266,95.03689575195312,613800,101.92400054931639,0.4500341147569834,122.1969837296948,70.5949502200936,12332900.0,58.148733333588225,0.8507354523451056,1.1590729020832984,-0.6166748994763855,1.95,14.16,0.62,45.32501022099919,75.01039030535384,0.5357165468269143
174,2018-09-11,94.5,96.75,93.05699920654295,95.69000244140624,95.01703643798828,726700,99.60599975585936,0.5795005903715863,122.16995690286039,70.86481024801849,11606200.0,61.32101100341345,0.5138090007175862,1.3593152120703185,-1.6910124227054646,1.95,13.22,0.61,21.689015334608413,62.60561446939621,0.0
175,2018-09-12,95.5999984741211,96.87999725341795,91.25,94.1500015258789,93.48785400390624,948700,97.39600067138672,0.6339489565772823,121.88285632644651,71.59164420252485,12554900.0,55.35715096661685,0.12113083594491059,1.441855378791808,-2.641449085693795,1.95,13.14,0.55,3.573025693116501,44.428074607024506,-1.6093644855640132
176,2018-09-13,95.58999633789062,96.5,92.62000274658205,93.8499984741211,93.18997955322266,660600,95.41600036621094,0.6957835209985046,121.76838684927212,71.88411355762894,13215500.0,45.04003108055103,-0.21183527261771928,1.391883890260516,-3.2074383257564705,1.95,12.37,0.5,1.9550496537237556,23.529017082908037,-0.3186437035535783
177,2018-09-14,94.5999984741211,96.5999984741211,92.54199981689452,93.66999816894533,93.01124572753906,779100,94.91999969482421,0.7240082330694262,120.77374266331344,73.54892452215205,13994600.0,48.10408192321936,-0.4846510769173449,1.2240373096468806,-3.417376773128451,1.95,12.07,0.58,1.9550496537237556,9.07236356048289,0.0
178,2018-09-17,93.25,94.05999755859376,88.25,88.9000015258789,88.27478790283203,1320700,94.61399993896484,0.5618767302906557,119.76479651016024,75.17460371770434,15315300.0,47.219102243536824,-1.0733851164631858,0.9577740089552739,-4.0623182508369196,1.95,13.68,0.64,0.9579777609428334,2.494375000188004,-5.092341983890236
179,2018-09-18,90.08000183105467,92.6500015258789,88.56099700927734,92.08000183105467,91.4324188232422,991100,93.25200042724609,0.31507467319761867,119.22848290053265,75.92671729477983,14324200.0,27.52014083230253,-1.2687364323159755,0.5801224005364531,-3.6977176657048574,1.95,12.79,0.55,0.0,1.6226923561301148,3.577053150274767
180,2018-09-19,91.91000366210938,94.69000244140624,91.36000061035156,92.4499969482422,91.79981994628906,954000,92.53000030517578,0.5380827389494836,118.4327206907368,77.03284632586474,13370200.0,31.410958873783187,-1.3778156427119939,0.1715335523453866,-3.0986983901147607,1.95,11.75,0.57,0.0,0.9710091382221964,0.4018191896502987
181,2018-09-20,94.26000213623048,97.08000183105467,93.4000015258789,96.94000244140624,96.25824737548828,1041100,92.18999938964843,0.3459651046609411,118.08413878599947,77.57409485657863,12329100.0,24.4808188070662,-1.0893978833942413,-0.18493138715321006,-1.8089329924820623,1.95,11.8,0.56,6.148493231271708,0.3193259203142778,4.856685388186377
182,2018-09-21,97.27999877929688,97.95999908447266,91.72000122070312,92.19000244140624,91.54165649414062,1240000,92.80800018310546,0.34361850165482466,118.07126599380258,77.62163460027291,13569100.0,32.895676587403614,-1.2299321416678453,-0.446682903934762,-1.5664984754661666,1.95,11.68,0.57,16.76228448786451,2.049497743757236,-4.8999379826414335
183,2018-09-24,92.30999755859376,95.88999938964844,91.12999725341795,95.63999938964844,94.9673843383789,661400,92.51200103759766,0.2355721976466736,118.166465297151,77.4044351748542,12907700.0,26.544555323165497,-1.050807577302578,-0.6778681921584232,-0.7458787702883096,1.95,12.2,0.63,46.212842230234024,7.636925906378739,3.7422679866343733
184,2018-09-25,96.25,97.58000183105467,95.0,96.13999938964844,95.55879974365234,568500,93.86000061035156,0.4246697225697709,118.24466387378315,77.20523643546163,13476200.0,34.18803567426788,-0.858606763884751,-0.8517144786051082,-0.013784570559285614,1.95,12.42,0.52,51.35855162763334,23.04120664979008,0.5227938134576338
185,2018-09-26,97.0500030517578,98.0199966430664,93.61000061035156,94.08000183105467,93.51124572753906,641600,94.67200012207032,0.30222086712916413,118.04395212852344,77.07294825192903,14117800.0,37.98237195090853,-0.8625676781160365,-0.960574211919515,0.19601306760695691,1.95,12.89,0.59,63.88241399021035,38.11122611524396,-2.1427060242061646
186,2018-09-27,93.47000122070312,95.01000213623048,91.75,93.62000274658205,93.05402374267578,568900,94.99800109863281,0.03580904013890044,117.51118165041137,76.9877853295691,13548900.0,45.87155963302752,-0.8925362110686876,-1.0328778125304392,0.28068320292350313,1.95,12.41,0.61,59.28595355785699,53.81793594935923,-0.4889445955780003
187,2018-09-28,92.62000274658205,94.9800033569336,92.0,93.05999755859376,92.49740600585938,317100,94.33400115966796,-0.032334870580730604,116.1188889388912,77.2907446975834,13231800.0,47.02785074053652,-0.9505172565996531,-1.0781983829916995,0.25536225278409264,1.95,12.12,0.64,65.66490713868485,58.175639725233566,-0.5981683097191826
188,2018-10-01,94.4000015258789,94.83999633789062,88.70099639892578,89.30999755859375,88.77007293701172,985100,94.50800018310547,-0.07252437782782177,113.35757330143487,78.72272709325917,14216900.0,45.024405183634094,-1.284257195330781,-1.064546398562418,-0.4394215935367263,2.19,12.0,0.57,58.63098208477453,62.94442489558406,-4.0296583906945465
189,2018-10-02,90.22000122070312,90.22000122070312,83.9000015258789,85.2300033569336,84.7147445678711,1720400,93.24199981689453,-0.25927407935801783,110.01755793179395,80.47877538119435,15937300.0,39.492745792901665,-1.8565685685963444,-1.0662709277862854,-1.580595281620118,2.19,12.05,0.54,37.23037092720657,61.19394759377212,-4.56835103929254
190,2018-10-03,86.80999755859375,91.13500213623048,84.0,90.08999633789062,89.54535675048828,1280000,91.06000061035157,-0.45348199083566365,107.73546867501177,80.85153159964644,14657300.0,36.4437692648045,-1.8961114458238342,-1.119465697328991,-1.5532914969896865,2.19,11.61,0.56,19.557214717707698,53.84208671688865,5.702209069033981
191,2018-10-04,88.87000274658203,89.0530014038086,80.16000366210938,81.19000244140625,80.69916534423828,2714400,90.26199951171876,-0.365411657411131,104.80240976208259,82.2487570266544,17371700.0,44.98130838266338,-2.615455247977195,-1.2091005375989456,-2.812709420756499,2.19,14.22,0.72,3.4534861524481903,38.47285590989626,-9.879003505676865
192,2018-10-05,81.18000030517578,83.88899993896484,72.5999984741211,77.9000015258789,77.42906188964844,2832900,87.7759994506836,-0.36529366219614173,105.91228389997062,79.57514972429695,20204600.0,36.48765501242213,-3.411688154629701,-1.3630475494110956,-4.0972812104372105,2.19,14.82,0.84,11.473075216202275,20.080357265787487,-4.052224185978681
193,2018-10-08,76.0,79.19999694824219,71.36000061035156,74.81999969482422,74.36767578125,2187100,84.74400024414062,-0.36109588144398774,109.94663035001057,73.80980326408448,22391700.0,37.69574440050003,-4.242335869673724,-1.6253676135585537,-5.23393651223034,2.19,15.69,0.66,11.473075216202275,11.494592028786053,-3.95378917936412
194,2018-10-09,74.5,77.23999786376953,71.81999969482422,72.5,72.06169891357422,1486600,81.84600067138672,-0.3851549679552644,113.70329353205597,67.9953067283607,23878300.0,30.650214538312852,-5.0298537318203955,-2.001337514201773,-6.057032435237245,2.19,15.95,0.62,11.473075216202275,8.79987886161758,-3.1007747985659306
195,2018-10-10,71.1760025024414,73.0,64.60900115966797,64.91000366210938,64.5176010131836,2778700,79.3,-0.6134372982472641,116.62249674781197,62.94487004295953,26657000.0,28.571426230045546,-6.1950044287548565,-2.4643692979467016,-7.46127026161631,2.19,22.96,0.74,0.0,11.473075216202275,-10.468960466056032
196,2018-10-11,65.0,67.75,61.90999984741211,62.83000183105469,62.45016098022461,2852000,74.26400146484374,-0.8226279690230055,121.22952081465954,55.67914617752799,29509000.0,17.744196817258043,-7.203199514827489,-3.0535324332451648,-8.299334163164648,2.19,24.98,0.68,0.0,7.648716810801517,-3.2044395527724645
197,2018-10-12,66.55000305175781,67.66999816894531,63.0,66.56999969482422,66.16755676269531,2364000,70.59200134277344,-0.9261859373003205,125.44716308470191,48.44550392274439,27145000.0,18.75264706646574,-7.6126607980899195,-3.748274906381591,-7.728771783416657,2.19,21.31,0.67,0.0,3.8243584054007584,5.952566854647112
198,2018-10-15,65.30999755859375,66.5,62.060001373291016,63.7400016784668,63.35466384887695,1824800,68.3260009765625,-0.7215698470278991,127.54861421116848,43.49165284307143,28969800.0,19.25109885436372,-8.072464656103648,-4.4514308622437175,-7.242067587719861,2.19,21.3,0.61,0.0,0.0,-4.251161227776679
199,2018-10-16,65.56999969482422,74.4000015258789,64.8499984741211,73.8499984741211,73.40354919433594,2340400,66.11000137329101,-0.6683961952325888,129.88537551836686,38.52455833478257,26629400.0,17.33869842013786,-7.5342204739128675,-5.1420859830778625,-4.78426898167001,2.19,17.62,0.63,4.265751435259337,0.0,15.861306133397468
200,2018-10-17,72.55999755859375,73.5,68.75,73.37999725341797,72.9363784790039,2044700,66.38000106811523,-0.5393234907561306,129.7999719167579,36.603595206655214,24584700.0,32.4544571958385,-7.064152104059801,-5.768542541754422,-2.591219124610758,2.19,17.4,0.68,5.303675331630629,1.4219171450864456,-0.6364268522873751
201,2018-10-18,72.44000244140625,73.26000213623047,66.80000305175781,68.86000061035156,68.44371795654297,2387300,68.07399978637696,-0.20880599565156316,128.86815696450358,35.43974340069011,26972000.0,32.44882740030609,-6.975931294601196,-6.262842192430266,-1.4261782043418592,2.19,20.06,0.73,18.836932538734963,3.189808922296655,-6.159712199847311
202,2018-10-19,69.81999969482422,72.16300201416016,63.19400024414063,63.9900016784668,63.6031494140625,2712700,69.27999954223633,-0.46811962691861925,127.00827580635142,34.682957892175594,29684700.0,30.363511964671503,-7.2158045775449295,-6.658869207982655,-1.1138707391245486,2.19,19.89,0.82,30.57129542232188,9.46878643520831,-7.072319036768448
203,2018-10-22,64.31999969482422,64.58999633789062,56.70000076293945,59.66999816894531,59.309268951416016,4165800,68.76399993896484,-0.5841943662141521,125.6114789017385,33.3289881697947,33850500.0,29.821479503714585,-7.666123759214287,-6.989254619968345,-1.3537382784918837,2.19,19.64,0.57,41.15858801024057,18.23730109756249,-6.751060159723677
204,2018-10-23,55.970001220703125,62.91999816894531,53.08000183105469,59.43999862670898,59.080657958984375,4076700,67.94999923706055,-0.8160467321057427,124.7048283405419,30.84563870556002,29773800.0,29.707833348193176,-7.9499222409944394,-7.282173511900999,-1.3354974581868806,2.19,20.71,0.61,30.14761825151983,30.18893865709914,-0.38545257129911636
205,2018-10-24,59.93000030517578,60.4900016784668,46.0099983215332,46.15999984741211,45.88094329833984,7031000,65.06799926757813,-0.6919060518835486,122.47522456938347,29.299242390251976,36804800.0,23.73607153039478,-9.141047196395803,-7.477164379927619,-3.3277656329363676,2.19,25.23,0.71,14.147503932673573,33.959167228027425,-22.341855797637223
206,2018-10-25,47.970001220703125,54.16999816894531,47.18000030517578,51.93000030517578,51.61606216430664,5115000,59.623999786376956,-0.9446397541535693,121.54735088529296,25.79211609977378,31689800.0,22.07874453206891,-9.509808339223184,-7.692480788990766,-3.634655100464837,2.19,24.22,0.66,2.5222874483835893,28.484570064811322,12.500001033009456
207,2018-10-26,50.40999984741211,53.880001068115234,47.25,51.81999969482422,51.506717681884766,6552300,56.237999725341794,-0.8077950480185696,119.66480964632558,23.43799046862395,25137500.0,30.087406361191327,-9.699124857771558,-7.903274960227795,-3.5916997950875267,2.19,24.16,0.8,0.0,15.605803210858996,0.0
208,2018-10-29,54.25,55.130001068115234,44.04999923706055,47.20000076293945,46.91465759277344,5084600,53.80399932861328,-0.5754365570808456,116.35362831838779,22.512838458142163,30222100.0,31.523133347716083,-10.105465351396887,-8.08401498263534,-4.0429007375230945,2.19,24.7,0.74,6.774685695092899,5.556597127019054,-8.915474641243993
209,2018-10-30,46.79999923706055,49.95000076293945,45.0,47.880001068115234,47.59054565429688,4408600,51.30999984741211,-0.6878815963949396,113.16042445951726,21.49034267610287,25813500.0,30.399749485349744,-10.254416251101887,-8.369708857911343,-3.7694147863810876,2.19,23.35,0.69,13.420217230345566,3.0989910478254963,1.4406785893734675
210,2018-10-31,50.2599983215332,51.84999847412109,48.59999847412109,49.31999969482422,49.0218391418457,3911100,48.99800033569336,-0.5010237162060751,110.75810531447596,20.008661678728835,29724600.0,35.2247054200149,-10.139384544169175,-8.724182652027132,-2.830403784284087,2.19,21.23,0.65,14.597354625461364,6.731634308479488,3.0075158617068665
211,2018-11-01,50.209999084472656,58.150001525878906,50.119998931884766,57.88999938964844,57.54003143310547,4234800,49.630000305175784,-0.9569883276364037,105.49142443910452,21.426842493065088,25489800.0,38.14703943563622,-9.25006474633939,-9.075677457534683,-0.3487745776094151,2.2,19.34,0.51,9.785468257069894,11.597419183633276,17.376317412515263
212,2018-11-02,58.90999984741211,62.34000015258789,55.15999984741211,58.150001525878906,57.798458099365234,3638800,50.822000122070314,-0.23384930763890338,100.35691557031717,23.75325110652205,29128600.0,42.97961709863295,-8.427149466558767,-9.301706365178513,1.7491137972394917,2.2,19.51,0.68,6.886719983720259,12.60101337095894,0.44913135078898936
213,2018-11-05,58.119998931884766,58.95000076293945,53.27999877929688,57.18000030517578,56.83432388305664,2289200,52.08800048828125,-0.33122830733563857,96.49940480360128,25.652795259468377,31417800.0,45.28269998946049,-7.7637583963986,-9.386264777105676,3.245012761414152,2.2,19.96,0.61,24.74561179648636,10.423180955417171,-1.668101797506294
214,2018-11-06,56.5,59.25,55.5,56.619998931884766,56.27770233154297,2665600,54.08400039672851,-0.0614642948813231,93.30839726376664,26.978136219102815,28752200.0,33.3665955239465,-7.200204153015434,-9.365579905483917,4.330751504936966,2.2,19.91,0.67,43.96282016656547,13.805933345758838,-0.9793658102522307
215,2018-11-07,58.34999847412109,61.58000183105469,57.540000915527344,60.86000061035156,60.492069244384766,3643000,55.831999969482425,-0.1662917795341976,90.05824549650798,28.555288032137863,25109200.0,33.3067748338498,-6.338385689939926,-9.149930678441654,5.623089977003456,2.2,16.36,0.59,60.29987125156364,25.198383982257365,7.4885230633218836
216,2018-11-08,59.869998931884766,61.91999816894531,58.04999923706055,58.58000183105469,58.225860595703125,2559800,58.14000015258789,0.46791859286792564,88.76375662800578,29.098476851811945,27669000.0,41.98718041788965,-5.7728197233153935,-8.797550384076848,6.049461321522909,2.2,16.72,0.64,58.4316891321022,43.00276773820516,-3.7463009471430664
217,2018-11-09,56.59999847412109,56.810001373291016,50.400001525878906,51.459999084472656,51.14889526367188,4493400,58.27800064086914,0.13960500120622057,88.15207112146265,29.24549561030817,32162400.0,44.28480963228273,-5.831902792230743,-8.361294258026163,5.058782931590841,2.2,17.36,0.8,62.1468867636338,54.231460183410434,-12.15432318885239
218,2018-11-12,51.0,51.150001525878906,45.0,45.459999084472656,45.1851692199707,5446000,56.94000015258789,-0.4469552008942168,87.17879082692436,28.93310937550892,37608400.0,41.81129235508261,-6.2903649938911315,-7.886453973674368,3.1921779595664734,2.2,20.45,0.73,62.80298407059811,60.29281571576655,-11.65954159880741
219,2018-11-13,46.09999847412109,48.56999969482422,44.540000915527344,44.75,44.47946548461914,4031400,54.59599990844727,-0.9699238548805228,87.23975214261444,27.182481311771937,41639800.0,37.495529332187154,-6.634512058980242,-7.4460038339842844,1.622983550008085,2.2,20.02,0.7,52.51710158205132,61.12718665544471,-1.561810600025204
220,2018-11-14,46.18000030517578,46.79999923706055,38.900001525878906,40.58000183105469,40.33467483520508,7908900,52.22200012207031,-1.86501365058854,84.68177359196937,27.23245993362471,49548700.0,48.37295215359573,-7.161185401983246,-7.056573557852181,-0.20922368826213145,2.2,21.25,0.81,27.621896253739177,59.15565747209441,-9.318431662447624
221,2018-11-15,40.27999877929688,45.54999923706055,40.0,44.90999984741211,44.63850021362305,4439100,48.16600036621094,-2.5655932830480745,81.68268843534143,27.253211934938516,45109600.0,36.40067390237192,-7.146799314404568,-6.824475852923721,-0.6446469229616945,2.2,19.98,0.73,6.88196459987368,47.64732730212953,10.670275556872454
222,2018-11-16,43.650001525878906,49.0,43.25,48.25,47.95830535888672,4724400,45.43199996948242,-1.8450912438510971,78.17228156171655,28.14828525143451,40385200.0,42.480957853448714,-6.787644398124755,-6.682214724906587,-0.21085934643633486,2.2,18.14,0.74,0.0,29.006987478554723,7.437096780084618
223,2018-11-19,47.380001068115234,48.0,41.880001068115234,43.38999938964844,43.127685546875,4146300,44.79000015258789,-0.9868531615626237,74.56166463539594,29.797335379862822,44531500.0,51.17528452029736,-6.816595502171467,-6.573757613987271,-0.48567577636839054,2.2,20.1,0.72,6.269908264968712,11.501286951204285,-10.072540125080954
224,2018-11-20,40.4010009765625,44.400001525878906,39.45000076293945,42.5099983215332,42.25300598144531,4377800,44.376000213623044,-1.328557866292546,73.42929102395495,29.340042497570114,40153700.0,45.40429737145115,-6.8317955064774125,-6.531134430560163,-0.6013221518344984,2.2,22.48,0.82,17.37619162355108,4.3839576216141305,-2.0281195678587105
225,2018-11-21,44.09000015258789,45.59999847412109,42.34999847412109,45.02999877929688,44.757774353027344,3445600,43.927999877929686,-1.2362400301334637,73.00885285225758,28.124480735388918,36708100.0,42.948849962496844,-6.564823444770411,-6.585957743508773,0.04226859747672407,2.2,20.8,0.73,21.445114253679723,7.882033296173264,5.928018248091038
226,2018-11-23,43.52999877929688,47.900001525878906,43.43000030517578,45.560001373291016,45.28456878662109,2061400,44.817999267578124,-0.31212749098544024,73.32542799520499,27.151905455112406,34646700.0,34.77746337836916,-6.2385650875614544,-6.673958157003775,0.8707861388846414,2.2,21.52,0.85,17.96987261472292,15.030404714066506,1.1769989081985344
227,2018-11-26,47.4900016784668,49.18000030517578,46.400001525878906,48.68999862670898,48.39564514160156,3083400,44.94799957275391,-0.5108756241943893,73.37942978957707,26.551570474908605,31563300.0,35.19172148891086,-5.662168416112991,-6.719142856484965,2.1139488807439495,2.2,18.9,0.64,15.145735145131525,18.93039283065124,6.870055221843963
228,2018-11-27,47.38999938964844,47.5099983215332,44.400001525878906,44.880001068115234,44.60867691040039,3672900,45.0359992980957,-0.1949938199874573,73.26997969331757,26.371687227662242,35236200.0,40.496976380731184,-5.449980875736479,-6.649343236731839,2.3987247219907193,2.2,19.02,0.7,24.627831677550713,18.186907337844723,-7.825010610092242
229,2018-11-28,46.25,50.150001525878906,44.5,50.13999938964844,49.83687973022461,4524800,45.33399963378906,-0.47204509119390087,73.38617606326032,25.935824185966563,30711400.0,37.75041912316092,-4.802028026421901,-6.517728660815865,3.431401268787928,2.2,18.49,0.62,48.130174645181945,19.247813145801718,11.720138583664475
230,2018-11-29,49.2400016784668,51.150001525878906,47.900001525878906,49.02000045776367,48.72365188598633,2815100,46.85999984741211,0.1591509768414336,73.38046473684801,26.00686881519464,33526500.0,39.04781124121407,-4.328993338175678,-6.255600063531271,3.853213450711186,2.2,18.79,0.57,53.790959196093404,29.30124715595473,-2.2337434094903297
231,2018-11-30,48.83000183105469,51.09999847412109,48.15999984741211,51.02999877929688,50.72149658203125,2277400,47.65800018310547,0.27199823820089086,73.35288748221102,25.977779632046786,31249100.0,39.995811656767586,-3.7487071113285566,-5.94251051061695,4.387606798576787,2.2,18.07,0.53,64.009412071163,42.18298850627536,4.1003637347271304
232,2018-12-03,56.75,57.38999938964844,54.64500045776367,56.959999084472656,56.61565017700195,3305200,48.75199966430664,0.36475884344973375,72.50803504952589,26.293631973179192,27943900.0,49.496132645287084,-2.7782981387553463,-5.604850812084039,5.6531053466573855,2.27,16.44,0.57,56.25941590123217,55.31018197081278,11.620616200331169
233,2018-12-04,55.63999938964844,58.185001373291016,47.959999084472656,48.31999969482422,48.02788162231445,4776700,50.405999755859376,0.9555949440040433,71.7667776120554,26.813055990849875,32720600.0,63.49765548297481,-2.675575411967607,-5.156151105037804,4.9611513861403935,2.27,20.74,0.69,66.58998945616524,58.01992905616285,-15.168538498104912
234,2018-12-06,45.84999847412109,49.150001525878906,44.5,48.81999969482422,48.52485656738281,4643900,51.09399948120117,0.058939199098997086,70.64731733799792,27.43434960841323,28076700.0,53.53255523460656,-2.524717715345105,-4.6943488723144915,4.339262313938773,2.27,21.19,0.85,69.66927600099713,62.28627247618681,1.0347682184558504
235,2018-12-07,48.65999984741211,50.060001373291016,43.45500183105469,44.18999862670898,43.922847747802734,4749600,50.82999954223633,0.943331718997224,68.87641885168254,28.24191483768919,32826300.0,58.79214585789428,-2.7470974659851493,-4.24544823571168,2.9967015394530616,2.27,23.23,0.77,58.363601377185525,64.17289378613151,-9.483820354480876
236,2018-12-10,43.880001068115234,46.380001068115234,41.55099868774414,45.880001068115234,45.602638244628906,4006700,49.86399917602539,-0.062246375235375385,65.34473550993032,30.364431461912115,28819600.0,49.23663986294267,-2.755205651747822,-3.857507388869868,2.2046034742440916,2.27,22.64,0.7,42.99103117087888,64.87428894478263,3.824400303069475
237,2018-12-11,47.43999862670898,48.05500030517578,43.82600021362305,45.400001525878906,45.12553787231445,3849000,48.83399963378906,1.0237791103400893,61.13251864070237,33.08534838403719,32668600.0,47.396177741932156,-2.768450425708963,-3.534511526162627,1.5321222009073283,2.27,21.76,0.65,16.142272588429563,57.007969516353846,-1.0462064757228329
238,2018-12-12,46.90999984741211,48.86000061035156,46.479000091552734,47.38999938964844,47.1035041809082,2916200,46.52200012207031,1.2789408952095276,59.765752626865684,33.73914773324173,29752400.0,52.44347467840329,-2.588531824429566,-3.236563698381792,1.2960637479044514,2.27,21.46,0.62,12.287575944267436,39.165635045497986,4.383255059221081
239,2018-12-13,47.84999847412109,48.34000015258789,43.20000076293945,43.470001220703125,43.20720672607422,4479300,46.33600006103516,1.690032669208342,59.79879626767431,33.743404075139814,34231700.0,55.77651722967325,-2.730777425799694,-2.9906196759381993,0.5196845002770107,2.27,20.65,0.75,5.811400088919413,23.80695990119196,-8.271783539633404
240,2018-12-14,42.20000076293945,43.91999816894531,41.08000183105469,41.630001068115234,41.378326416015625,3485400,45.26600036621094,1.682767861392404,59.825118027279544,33.62208236639721,37717100.0,48.21265140566026,-2.957884078067636,-2.8130401301186456,-0.2896878958979805,2.27,21.63,0.79,12.223969217014101,11.413749540538804,-4.23280446495955
241,2018-12-17,40.84999847412109,43.400001525878906,38.09999847412109,38.77000045776367,38.535621643066406,5359100,44.75400085449219,1.656216009039556,59.79832026926448,33.66054674021632,43076200.0,45.628474706302185,-3.3302567565612478,-2.7251709042007652,-1.210171704720965,2.27,24.52,0.97,8.837327061275515,10.107648416733651,-6.8700469300301386
242,2018-12-18,39.880001068115234,40.22999954223633,34.7599983215332,36.61000061035156,36.38867568969727,6185100,43.332000732421875,0.5223017797668037,60.601948174758974,32.517252213831526,49261300.0,38.89883639761379,-3.7563577687750254,-2.7864996395125323,-1.939716258524986,2.27,25.58,0.69,6.412569128094687,8.957565455736344,-5.57131757005066
243,2018-12-19,36.619998931884766,38.95000076293945,31.40999984741211,32.939998626708984,32.74086380004883,6188400,41.57400054931641,-0.3084936696700876,62.31053182647627,29.845335177918265,55449700.0,40.390423628253586,-4.340153788221421,-2.9065865680466896,-2.8671344403494636,2.27,25.58,0.85,0.0,9.157955135461435,-10.02458869832653
244,2018-12-20,32.18000030517578,32.970001220703125,28.049999237060547,29.350000381469727,29.17256736755371,9803600,38.684000396728514,-0.3143879528725316,64.70413499247573,26.452731971228708,65253300.0,29.247102638833496,-5.034465016317064,-3.108301687255169,-3.85232665812379,2.27,28.38,0.91,0.0,5.083298729790067,-10.898598648781832
245,2018-12-21,29.82999992370605,29.989999771118164,25.209999084472656,25.549999237060547,25.39553642272949,8674600,35.86000022888184,-0.8597494474127416,68.24993743389845,21.707262870768695,73927900.0,27.60191186624148,-5.824202223452367,-3.362453637292049,-4.923497172320637,2.27,30.11,1.13,0.0,2.1375230426982292,-12.947192828005305
246,2018-12-24,24.440000534057617,26.940000534057617,24.0,25.209999084472656,25.057592391967773,6202000,32.643999862670896,-2.0791073519975543,72.21641874756675,15.999781635937467,67725900.0,22.12253925945292,-6.403692044936292,-3.7034532563703317,-5.400477577131921,2.27,36.07,0.79,0.0,0.0,-1.3307247073992778
247,2018-12-26,26.299999237060547,31.0,25.979999542236328,30.790000915527344,30.60386276245117,9822000,29.931999588012694,-2.1894715223407712,75.53526498780698,10.6562686095034,57903900.0,10.421341913659845,-6.33960338812377,-4.107368991840035,-4.4644687925674695,2.27,30.41,0.62,0.0,0.0,22.134081847275922
248,2018-12-27,29.09000015258789,30.488000869750977,26.270000457763672,29.850000381469727,29.762338638305664,7831200,28.76799964904785,-1.8888847674616955,76.37976188078828,7.928438383188777,50072700.0,26.342783622975745,-6.29213108264706,-4.524154721139391,-3.5359527230153383,2.27,29.96,0.73,0.0,0.0,-3.0529409097340365
249,2018-12-28,30.0,32.45899963378906,29.09000015258789,30.5,30.41042900085449,7156500,28.15,-0.7216566608180631,77.26089378936366,5.374573167728613,42916200.0,24.699923314315313,-6.131380661976031,-4.91986068301132,-2.423039957929422,2.27,28.34,0.44,7.641744448197148,0.0,2.1775531330772813
