,Date,Open,High,Low,Close,Adj Close,Volume,MA5,CHMF,BBH,BBL,OBV,RSI,DIF,MACD,DFF,IR,VIX,PCR,KL,DL,UD,STATE-A,STATE-B,STATE-C,STATE-D,STATE-E,STATE-F,STATE-G
0,2014-01-02,2.55020809173584,2.5520830154418945,2.502917051315308,2.525207996368408,2.5188980102539062,49488000,2.525207996368408,0.0,2.52673602104187,2.52673602104187,49488000.0,0.0,0.0,0.0,0.0,1.41,14.23,0.56,0.0,0.0,0.0,-2.0,0.0,0.0,0.0,0.0,-2.0,-1.0
1,2014-01-03,2.524791955947876,2.531874895095825,2.46875,2.470207929611206,2.4640352725982666,48772800,2.497707962989807,0.0,2.5814236402511597,2.435589989026388,98260800.0,0.0,0.1970536240145692,0.0,0.3941072480291384,1.41,13.76,0.54,0.0,0.0,-2.1780410499372627,-1.0,0.0,0.0,0.0,0.0,-2.0,-2.0
2,2014-01-06,2.472291946411133,2.4800000190734863,2.415416955947876,2.443958044052124,2.437850952148437,62961600,2.4797913233439126,0.0,2.619100459804251,2.356547519508222,161222400.0,0.0,0.3471007331664039,0.0,0.6942014663328078,1.41,13.55,0.52,0.0,0.0,-1.06265894641564,-1.0,0.0,0.0,0.0,0.0,-2.0,-2.0
3,2014-01-07,2.4756250381469727,2.5208330154418945,2.463124990463257,2.5072920322418213,2.5010266304016118,46156800,2.48666650056839,0.0,2.6049532039576895,2.3753244535511606,115065600.0,0.0,0.46575572961483824,0.0,0.9315114592296765,1.41,12.92,0.47,0.0,0.0,2.59145153264122,0.0,0.0,0.0,0.0,0.0,-2.0,-2.0
4,2014-01-08,2.5110421180725098,2.5472919940948486,2.494999885559082,2.526041984558105,2.5197296142578125,46632000,2.494541597366333,0.0,2.611875476172534,2.3814578317294846,68433600.0,0.0,0.5549070110100406,0.0,1.1098140220200812,1.41,12.87,0.5,0.0,0.0,0.7478168508165073,1.0,0.0,1.0,0.0,-1.0,-2.0,-2.0
5,2014-01-09,2.55270791053772,2.555417060852051,2.475416898727417,2.5,2.49375319480896,52780800,2.494541597366333,0.0,2.606045439658402,2.3918249791021093,121214400.0,0.0,0.6163537311582272,0.0,1.2327074623164544,1.41,12.89,0.55,15.447382821109093,0.0,-1.0309402898804443,0.0,0.0,0.0,0.0,1.0,-2.0,-2.0
6,2014-01-10,2.5204169750213623,2.5335419178009038,2.4641671180725098,2.525000095367432,2.518690586090088,59971200,2.4894999980926515,0.0,2.6000672807876155,2.400270138268141,61243200.0,0.0,0.6594660838260519,0.0,1.3189321676521037,1.41,12.14,0.53,35.46794506113708,5.149127607036364,1.0000038146972923,1.0,0.0,2.0,0.0,-1.0,-2.0,-2.0
7,2014-01-13,2.514791965484619,2.540832996368408,2.384375095367432,2.412708044052124,2.406678915023804,86553600,2.5004584312438967,0.0,2.6111756878821306,2.37561256510732,147796800.0,0.0,0.6767705146281005,0.0,1.353541029256201,1.41,13.28,0.61,48.81125790751786,16.971775960748726,-4.447209785113593,-2.0,0.0,0.0,0.0,1.0,-2.0,-1.0
8,2014-01-14,2.438124895095825,2.555833101272583,2.4375,2.550832986831665,2.5444588661193848,69038400,2.4942084312438966,0.0,2.610000181797999,2.381527605163309,78758400.0,0.0,0.693634146565075,0.0,1.38726829313015,1.41,12.28,0.52,52.65958713147677,33.24219526325468,5.7248925380777305,1.0,0.0,0.0,0.0,-1.0,-2.0,-2.0
9,2014-01-15,2.581042051315308,2.62833309173584,2.575000047683716,2.610416889190674,2.6038942337036133,60264000,2.502916622161865,0.0,2.6763424650975356,2.336949211741657,18494400.0,0.0,0.7036948629823399,0.46789350822036746,0.4716027095239448,1.41,12.28,0.48,32.63902489144878,45.64626336671057,2.3358605861929282,2.0,0.0,0.0,-1.0,0.0,-2.0,-2.0
10,2014-01-16,2.606874942779541,2.625624895095825,2.593957901000977,2.615833044052124,2.609296560287476,35256000,2.519791603088379,0.0,2.718200494812096,2.314211080505286,-16761600.0,0.0,0.7039899339194879,0.5460818263295164,0.31581621517994307,1.41,12.53,0.57,46.14872911482803,44.70328997681447,0.0,1.0,0.0,1.0,1.0,0.0,-2.0,-1.0
11,2014-01-17,2.5910420417785645,2.612499952316284,2.551042079925537,2.5693750381469727,2.562954902648926,42230400,2.542958211898804,0.0,2.7262994300084027,2.31635101794302,25468800.0,0.0,0.6924923857904097,0.6024080829856183,0.1801686056095828,1.41,12.44,0.53,53.867072505760056,43.81578037925119,-1.7760310051433748,1.0,0.0,1.0,0.0,0.0,-2.0,-2.0
12,2014-01-21,2.618333101272583,2.6312499046325684,2.5629169940948486,2.6268749237060547,2.6203110218048096,44011200,2.5518332004547117,0.0,2.7449981813018276,2.3108351461627405,-18542400.0,0.0,0.6801795695995156,0.6407849332771746,0.07878927264468216,1.41,12.87,0.57,81.62116720290008,44.21827550401229,2.23789383431352,1.0,0.0,1.0,0.0,0.0,-2.0,-1.0
13,2014-01-22,2.647291898727417,2.666666984558105,2.625,2.651249885559082,2.644624710083008,39216000,2.594666576385498,0.0,2.779304295355865,2.293632216819195,-57758400.0,0.0,0.6647258835624528,0.6646098043865831,0.00023215835173928667,1.41,12.84,0.52,76.174429960954,60.54565627449606,0.9279072114571241,1.0,0.0,1.0,0.0,0.0,-2.0,-2.0
14,2014-01-23,2.6237499713897705,2.625,2.566667079925537,2.619374990463257,2.6128296852111816,64526400,2.6147499561309813,0.0,2.78494803167085,2.296950138376486,6768000.0,0.0,0.6425003443683639,0.6768119013368512,-0.06862311393697462,1.41,13.77,0.65,78.07744390807353,70.55422322320472,-1.2022591785648906,1.0,-1.0,1.0,0.0,1.0,-2.0,-1.0
15,2014-01-24,2.5804169178009038,2.5941669940948486,2.463749885559082,2.4641671180725098,2.4580094814300537,70824000,2.6165415763854982,0.0,2.7773286685005036,2.3003710324908084,77592000.0,56.82368758493652,0.6053839766111306,0.679717080582422,-0.14866620794258267,1.41,18.14,0.69,78.49062932548141,78.62434702397587,-5.925378113322266,-1.0,0.0,0.0,-1.0,0.0,0.0,-1.0
16,2014-01-27,2.467082977294922,2.478749990463257,2.3416669368743896,2.3924999237060547,2.386521816253662,88864800,2.586208391189575,0.0,2.794681288362882,2.267189679277713,166456800.0,49.61777107297756,0.5636881974602916,0.6737079575585417,-0.2200395201965002,1.41,17.42,0.53,81.48780732798205,77.58083439816964,-2.9083739426940203,-1.0,0.0,0.0,1.0,0.0,0.0,-2.0
17,2014-01-28,2.355417013168335,2.3979170322418213,2.3458330631256104,2.391666889190674,2.385690689086914,54748800,2.5508333683013915,0.0,2.8143756283296386,2.230554988684928,111708000.0,46.92098335201686,0.5245303142045863,0.6611432556510075,-0.27322588289284244,1.41,15.8,0.53,58.647081378830585,79.35196018717899,0.0,-1.0,0.0,0.0,-1.0,0.0,0.0,-2.0
18,2014-01-29,2.328332901000977,2.3804171085357666,2.2991669178009038,2.3162500858306885,2.310462236404419,68248800,2.5037917613983156,0.0,2.8436249453165274,2.1812508712294605,179956800.0,42.52222130735269,0.4818573522495526,0.6423539409442864,-0.32099317738946764,1.41,17.35,0.62,30.479801264282674,72.87517267743135,-3.153315526540823,-1.0,0.0,3.0,0.0,0.0,0.0,-1.0
19,2014-01-30,2.399583101272583,2.46541690826416,2.391249895095825,2.438333034515381,2.4322400093078613,58219200,2.4367918014526366,0.0,2.838791311466328,2.1780073755148726,121737600.0,37.358762601644266,0.45267167879239856,0.6177053286406435,-0.33006729969648996,1.41,17.29,0.54,6.076343433968084,56.87156332369844,5.270715344233179,-1.0,0.0,0.0,0.0,0.0,-1.0,-2.0
20,2014-01-31,2.3591670989990234,2.456249952316284,2.352499961853028,2.421250104904175,2.4151997566223145,42266400,2.4005834102630614,0.0,2.838791311466328,2.1780073755148726,79471200.0,46.66964872487397,0.4232840179804307,0.5897810780709669,-0.33299412018107244,1.41,18.41,0.66,0.0,31.73440869236045,-0.7005987028593563,-1.0,0.0,0.0,0.0,-1.0,0.0,-1.0
21,2014-02-03,2.407917022705078,2.442500114440918,2.2362499237060547,2.2608330249786377,2.255183696746826,91963200,2.3920000076293944,0.0,2.8432834215729765,2.16184166393982,171434400.0,44.34860936977678,0.38263894381197505,0.5598690372031913,-0.3544601867824324,1.42,21.44,0.61,11.07328131592329,12.185381566083587,-6.625382466710761,-2.0,0.0,0.0,0.0,1.0,0.0,-1.0
22,2014-02-04,2.288749933242798,2.3304169178009038,2.268749952316284,2.305000066757202,2.2992403507232666,45336000,2.365666627883911,0.0,2.872395442204805,2.1150213179219457,126098400.0,42.13930463677494,0.3499572514992302,0.5268089676712424,-0.35370343234402446,1.42,19.11,0.6,20.59709083973284,5.716541583297125,1.953573806229314,-1.0,0.0,1.0,1.0,-1.0,0.0,-1.0
23,2014-02-05,2.28125,2.3104169368743896,2.2083330154418945,2.283750057220459,2.278043270111084,54256800,2.3483332633972167,0.0,2.8992083915243656,2.073701432529081,71841600.0,35.90541257265336,0.3186686627270636,0.4918346752197733,-0.3463320249854194,1.42,19.95,0.62,20.59709083973284,10.556790718552044,-0.9219092807506435,-1.0,0.0,3.0,0.0,0.0,-1.0,-1.0
24,2014-02-06,2.3070828914642334,2.3812499046325684,2.303333044052124,2.3712499141693115,2.3653247356414795,36988800,2.341833257675171,0.0,2.9294201586276336,2.020531331138806,34852800.0,30.409757403211216,0.29750330498151856,0.45585337725962877,-0.3167001445562204,1.42,17.23,0.61,13.310907754084745,17.422487665129655,3.8314112646524956,-1.0,0.0,0.0,-1.0,0.0,-1.0,-1.0
25,2014-02-07,2.412916898727417,2.5045828819274902,2.3924999237060547,2.4970829486846924,2.4908430576324463,55728000,2.328416633605957,0.0,2.9307978306550115,2.0020702923994937,-20875200.0,36.64695101632789,0.2875683715526862,0.42164441374522743,-0.2681520843850824,1.42,15.29,0.68,5.766968114711897,18.168363144516807,5.30661208519061,0.0,0.0,0.0,0.0,0.0,-1.0,-1.0
26,2014-02-10,2.498332977294922,2.546250104904175,2.492917060852051,2.542917013168335,2.53656268119812,41642400,2.3435832023620606,0.0,2.9267740368440855,2.0015384793683775,-62517600.0,46.36798929041065,0.28016373800967287,0.3909644330888269,-0.22160139015830804,1.42,15.26,0.71,19.3776631264866,13.22498890284316,1.8355042834193869,0.0,0.0,0.0,1.0,0.0,0.0,-1.0
27,2014-02-11,2.557499885559082,2.644582986831665,2.5512499809265137,2.630000114440918,2.6234281063079834,58752000,2.4,0.0,2.9295677083887783,2.000723976079809,-121269600.0,45.73185823095829,0.27811643789361806,0.36381259128939203,-0.17139230679154793,1.42,14.51,0.55,42.17284677295746,12.818512998427748,3.4245357131840626,1.0,0.0,0.0,0.0,0.0,0.0,-2.0
28,2014-02-12,2.6458330154418945,2.6624999046325684,2.62166690826416,2.6424999237060547,2.635896682739258,54225600,2.4650000095367433,0.0,2.9536956429176446,1.9928599397646471,-67044000.0,48.98447914791411,0.2743401455173631,0.34117471191651044,-0.13366913279829473,1.42,14.3,0.64,68.01873622281694,22.43915933805199,0.47527789814540977,1.0,0.0,1.0,0.0,0.0,0.0,-1.0
29,2014-02-13,2.585833072662353,2.7104170322418213,2.5850000381469727,2.7104170322418213,2.703644037246704,53253600,2.536749982833862,0.0,2.9812609588794494,1.9780446454194605,-120297600.0,51.12598603444373,0.2736730174645472,0.32136009710817315,-0.0953741592872519,1.42,14.14,0.57,82.61565257097097,43.189748707420335,2.5701839355406264,1.0,0.0,0.0,0.0,0.0,0.0,-1.0
30,2014-02-14,2.706666946411133,2.738332986831665,2.677917003631592,2.718333005905152,2.7115402221679688,47438400,2.604583406448364,0.0,3.0000823144957725,1.9656260922704831,-167736000.0,63.104198760638745,0.27066303164742767,0.3047366526064083,-0.06814724191796129,1.42,13.57,0.57,84.04560641720244,64.26907852224845,0.0,1.0,0.0,1.0,0.0,0.0,1.0,-1.0
31,2014-02-18,2.7320830821990967,2.7754170894622803,2.7133328914642334,2.7608330249786377,2.753934383392334,34646400,2.648833417892456,0.0,3.0315844485302383,1.9440961967766672,-202382400.0,68.6013291378897,0.2686106165698203,0.29229488458812525,-0.04736853603660984,1.42,13.87,0.61,86.06770734931105,78.22666507033011,1.5634588912087466,1.0,0.0,0.0,0.0,0.0,1.0,-1.0
32,2014-02-19,2.7445828914642334,2.7629170417785645,2.685832977294922,2.7004170417785645,2.693669319152832,68265600,2.692416620254517,0.0,3.0820656989043096,1.9108371442531409,-134116800.0,70.11805035661452,0.25912200078001035,0.2832563695959686,-0.048268737631916525,1.42,15.5,0.55,85.19235838838621,84.24298877916148,-2.1883244170675886,1.0,0.0,0.0,0.0,1.0,1.0,-2.0
33,2014-02-20,2.706666946411133,2.75583291053772,2.6741669178009038,2.7395830154418945,2.7327370643615723,51321600,2.706500005722046,0.0,3.1113332922633243,1.8925070588414123,-185438400.0,71.28351237862763,0.25185929399156404,0.2766400738240738,-0.04956155966501952,1.42,14.79,0.58,85.2231701084367,85.1018907182999,1.4503675935008342,1.0,0.0,0.0,0.0,-1.0,1.0,-1.0
34,2014-02-21,2.7654170989990234,2.77791690826416,2.720000028610229,2.725416898727417,2.718606472015381,41988000,2.725916624069214,0.0,3.1328650773009135,1.8785308062592683,-143450400.0,68.37827003679337,0.2421688871232046,0.2715685170474122,-0.058799259848415164,1.42,14.68,0.55,78.61743736922294,85.49441194871133,-0.5170902518605525,1.0,0.0,0.0,-1.0,1.0,1.0,-2.0
35,2014-02-24,2.742083072662353,2.809999942779541,2.733333110809326,2.773333072662353,2.7664027214050293,49711200,2.728916597366333,0.0,3.1677321878823483,1.8574067545182662,-193161600.0,68.62249083449186,0.23563930146191225,0.26652412988858093,-0.06176965685333735,1.42,14.23,0.55,72.39505533457822,83.01098862201529,1.7581227282075451,1.0,0.0,0.0,0.0,-1.0,1.0,-2.0
36,2014-02-25,2.78458309173584,2.800832986831665,2.7370829582214355,2.7633330821990967,2.756428003311157,46492800,2.7399166107177733,0.0,3.218882491453085,1.8327425218983555,-146668800.0,86.3906599640627,0.22704046101839648,0.2615769702721631,-0.06907301850753322,1.42,13.67,0.57,65.69703517445811,78.74522093741263,-0.3605766130952537,1.0,0.0,1.0,0.0,1.0,2.0,-1.0
37,2014-02-26,2.7874999046325684,2.8104169368743896,2.7233328819274902,2.754167079925537,2.7472846508026123,41464800,2.7404166221618653,0.0,3.2579819997325767,1.8299207528258137,-105204000.0,84.20409853916419,0.21698493101925065,0.2559018617304718,-0.07783386142244231,1.42,14.35,0.57,60.9197036991469,72.2365092927531,-0.33170095681209766,1.0,0.0,0.0,0.0,0.0,2.0,-1.0
38,2014-02-27,2.757082939147949,2.8170828819274902,2.7441670894622803,2.808332920074463,2.8013155460357666,43982400,2.7511666297912596,0.0,3.2844704098316626,1.8418490065323718,-149186400.0,85.75068998306936,0.21095482574952928,0.2495290601195704,-0.07714846874008224,1.42,14.04,0.58,57.71103958794813,66.33726473606107,1.966686790490213,1.0,0.0,0.0,0.0,0.0,2.0,-1.0
39,2014-02-28,2.8087499141693115,2.8575000762939453,2.726249933242798,2.7941670417785645,2.7871851921081543,68359200,2.7649166107177736,0.0,3.3003720484999564,1.87173899384064,-80827200.0,84.99019916592712,0.20269629912714615,0.24256037215123508,-0.07972814604817785,1.42,14.0,0.63,44.314253756090324,61.44259282051772,-0.5044230402541761,1.0,0.0,1.0,0.0,0.0,2.0,-1.0
40,2014-03-03,2.718333005905152,2.7583329677581787,2.663749933242798,2.732917070388794,2.726087808609009,79279200,2.778666639328003,3.9316360160524466,3.3252897643189088,1.8829185184696864,-160106400.0,78.96053054210256,0.18902997657279386,0.2350085129823149,-0.09195707281904208,1.51,16.0,0.62,51.01946558387908,54.31499901439512,-2.192065487637529,0.0,0.0,1.0,0.0,-1.0,1.0,-1.0
41,2014-03-04,2.8254170417785645,2.8566670417785645,2.819166898727417,2.842916965484619,2.835813045501709,54496800,2.770583438873291,4.004479054294903,3.324221763719879,1.9148198508125915,-214603200.0,67.98126146225941,0.18494347644158315,0.22616621964931197,-0.08244548641545763,1.51,14.1,0.48,50.163720132001,51.01491964263918,4.024999378417893,1.0,0.0,1.0,0.0,0.0,1.0,-2.0
42,2014-03-05,2.856250047683716,2.8795828819274902,2.837500095367432,2.8662500381469727,2.8590877056121826,38532000,2.7865002155303955,4.8293231426649115,3.3160592005201623,1.9756213421078084,-253135200.0,69.312370463408,0.18149551231821182,0.21792416138948673,-0.07285729814254982,1.51,13.89,0.46,47.806877324314286,48.499146490656805,0.8207440789033349,1.0,0.0,1.0,0.0,0.0,1.0,-2.0
43,2014-03-06,2.8833329677581787,2.890832901000977,2.8262500762939453,2.855417013168335,2.8482818603515625,46401600,2.8089168071746826,4.949710583525125,3.289308053938033,2.0583446913088546,-206733600.0,69.90383138934632,0.17586161806578504,0.21010596342578092,-0.06848869071999175,1.51,14.21,0.53,42.851919767848756,49.66335434673146,-0.3779511499157673,1.0,0.0,1.0,0.0,0.0,1.0,-2.0
44,2014-03-07,2.8862500190734863,2.892082929611206,2.7725000381469727,2.8145830631256104,2.8075499534606934,66259200,2.818333625793457,4.480505928897287,3.2130337449321043,2.1936189996790003,-140474400.0,64.35660672924485,0.16618606822852877,0.20273848908606762,-0.0731048417150777,1.51,14.11,0.55,47.556779531293635,46.940839074721346,-1.430052067855958,1.0,0.0,0.0,1.0,1.0,1.0,-2.0
45,2014-03-10,2.809999942779541,2.8262500762939453,2.7674999237060547,2.8204169273376465,2.8133692741394043,37790400,2.822416830062866,3.641275329189271,3.1321876736655083,2.321909509879922,-178264800.0,58.94663779172275,0.1571770303931368,0.19502146317124724,-0.0756888655562209,1.51,14.2,0.67,59.94705281293803,46.071858874485564,0.0,1.0,0.0,1.0,0.0,0.0,0.0,-1.0
46,2014-03-11,2.842916965484619,2.863332986831665,2.7608330249786377,2.785417079925537,2.778456926345825,59887200,2.839916801452637,3.5166301513799447,3.074635972182861,2.4134612504632162,-118377600.0,55.9435819550918,0.1455354655673693,0.18725885976844062,-0.08344678840214265,1.51,14.8,0.58,51.65406281912203,50.118584037360144,-1.2409458712598131,0.0,0.0,0.0,0.0,0.0,0.0,-1.0
47,2014-03-12,2.7487499713897705,2.8208329677581787,2.7166669368743896,2.816667079925537,2.809628963470459,54806400,2.8284168243408203,2.4043324571517846,3.025198718889036,2.490481800850751,-173184000.0,58.93177283600249,0.137248935113365,0.17932003027378712,-0.08414219032084425,1.51,14.47,0.71,42.67745284968342,53.052631721117905,1.1219145680271048,1.0,0.0,0.0,-1.0,0.0,0.0,-1.0
48,2014-03-13,2.847917079925537,2.851249933242798,2.659167051315308,2.697082996368408,2.690343141555786,94207200,2.8185002326965334,2.5247562957309584,2.9968686808926086,2.536422968925812,-78976800.0,58.23699716494479,0.1196530776919853,0.17113048686976887,-0.10295481835556713,1.51,16.22,0.69,32.36002720412211,51.4261894939145,-4.245588142432877,-1.0,0.0,0.0,0.0,0.0,0.0,-1.0
49,2014-03-14,2.667917013168335,2.7054169178009038,2.6383330821990967,2.641666889190674,2.6350655555725098,53659200,2.7868334293365478,2.058879055126758,2.9738765909632914,2.5687761669992533,-25317600.0,47.52901264883705,0.1000829235534555,0.1619034622658621,-0.12364107742481323,1.51,17.82,0.69,32.66426368228815,42.230514290975854,-2.0546682194189647,-2.0,0.0,3.0,0.0,0.0,0.0,-1.0
50,2014-03-17,2.69083309173584,2.751667022705078,2.6879169940948486,2.712083101272583,2.7053062915802,58471200,2.7522501945495605,0.5721936843830722,2.9763644561038576,2.565607728077356,-83788800.0,38.66571654686184,0.08922688325711414,0.15202045637482453,-0.12558714623542078,1.51,15.64,0.57,19.89054308699959,35.900581245364556,2.6655977091601724,-1.0,0.0,1.0,0.0,0.0,-1.0,-1.0
51,2014-03-18,2.720417022705078,2.8179171085357666,2.71875,2.8095829486846924,2.8025622367858887,56503200,2.730583429336548,0.11962922814092704,2.9753863869715027,2.5671552679331806,-140292000.0,46.003886097052785,0.08748237360758893,0.14138527935432796,-0.10780581149347807,1.51,14.52,0.55,12.226296807553112,28.30494465780328,3.5950169582325886,0.0,0.0,0.0,0.0,-1.0,0.0,-2.0
52,2014-03-19,2.812083005905152,2.819999933242798,2.7083330154418945,2.7633330821990967,2.756428003311157,68222400,2.735416603088379,0.3462131668679384,2.9762251388559844,2.569538751092542,-72069600.0,53.79778418064584,0.0814291943778267,0.13093937505314765,-0.0990203613506419,1.51,15.12,0.53,9.250082683143162,21.59370119228028,-1.6461470378458687,0.0,0.0,0.0,0.0,1.0,0.0,-2.0
53,2014-03-20,2.737499952316284,2.8104169368743896,2.720000028610229,2.7850000858306885,2.778040885925293,43819200,2.724749803543091,0.8256081819678855,2.972157279423448,2.578356576192803,-115888800.0,46.88222380434011,0.07748712895329302,0.12044688353226338,-0.08591950915794072,1.51,14.52,0.55,31.30803479707552,13.788974192565286,0.7840894668531551,0.0,0.0,0.0,1.0,-1.0,0.0,-2.0
54,2014-03-21,2.8308329582214355,2.837500095367432,2.670417070388794,2.6829171180725098,2.676212787628174,99153600,2.7423332214355467,0.687444500548918,2.9687799867027023,2.58659500916471,-16735200.0,49.371408803513795,0.0653722013043212,0.11059144583501496,-0.09043848906138752,1.51,15.0,0.62,47.29046713470336,17.5948047625906,-3.665456539033829,-1.0,0.0,0.0,0.0,1.0,0.0,-1.0
55,2014-03-24,2.716249942779541,2.721250057220459,2.5420830249786377,2.615417003631592,2.6088812351226807,133072800,2.750583267211914,0.6795015335932579,2.970121252475474,2.5841704249995017,116337600.0,46.75324876386118,0.04975084200793889,0.100390909269591,-0.10128013452330423,1.51,15.09,0.66,59.2749411023111,29.282861538307348,-2.5159224631363997,-2.0,0.0,0.0,0.0,0.0,0.0,-1.0
56,2014-03-25,2.657500028610229,2.7054169178009038,2.5754170417785645,2.639583110809326,2.6329874992370605,86258400,2.731250047683716,0.49404988402038963,3.003478226057755,2.5362162500698693,202596000.0,34.36426297029911,0.038872704761328425,0.08974817331854318,-0.10175093711442951,1.51,14.02,0.53,43.32813659815201,45.95781434469666,0.9239867732059093,-1.0,0.0,1.0,-1.0,0.0,-1.0,-2.0
57,2014-03-26,2.680417060852051,2.696249961853028,2.53708291053772,2.5391669273376465,2.532822132110596,100665600,2.6972500801086428,0.6211735542117648,3.0230999453892244,2.503900132176287,303261600.0,34.43933417352734,0.021896546074518852,0.07881748105720579,-0.11384186996537388,1.51,14.93,0.64,27.345704260524155,49.96451494505549,-3.804244051284711,-2.0,0.0,0.0,0.0,0.0,-1.0,-1.0
58,2014-03-27,2.5291669368743896,2.561666965484619,2.453332901000977,2.4941670894622803,2.487934827804565,100996800,2.6524168491363525,-0.05313462112889136,3.055012872402431,2.454806635196447,404258400.0,30.66732855495077,0.004756872901638509,0.06795564421082062,-0.12639754261836422,1.51,14.62,0.57,8.716655781547606,43.31626065366242,-1.7722284183399162,-2.0,0.0,0.0,0.0,0.0,-1.0,-1.0
59,2014-03-28,2.518749952316284,2.5916669368743896,2.4895830154418945,2.510416984558105,2.5041439533233643,83220000,2.5942502498626707,-0.8561008292132344,3.1100809380101357,2.3710580384048625,487478400.0,30.51192234942411,-0.007429567415927263,0.057363860805063185,-0.1295868564419809,1.51,14.41,0.64,2.6055081717743467,26.463498880074585,0.651515897410393,-2.0,0.0,3.0,0.0,0.0,-1.0,-1.0
60,2014-03-31,2.567500114440918,2.612916946411133,2.55916690826416,2.5604169368743896,2.55401873588562,81220800,2.55975022315979,-1.474393987470437,3.1360076875469893,2.318922951719978,568699200.0,31.381341734087457,-0.012904080671799267,0.04662425517472525,-0.11905667169304904,1.51,13.88,0.57,2.6055081717743467,12.889289404615369,1.9916990931722056,-1.0,0.0,1.0,0.0,0.0,-1.0,-1.0
61,2014-04-01,2.6016669273376465,2.702500104904175,2.598750114440918,2.699167013168335,2.692422151565552,89020800,2.5487502098083494,-2.779772662438058,3.1494206456884313,2.2914266875838663,479678400.0,36.72562674682425,-0.005977792029197904,0.03547020469923767,-0.08289599345687115,1.69,13.1,0.47,1.409967268949403,4.6425573750321,5.419042277673869,0.0,0.0,0.0,0.0,0.0,-1.0,-2.0
62,2014-04-02,2.733750104904175,2.740417003631592,2.682499885559082,2.720417022705078,2.7136192321777344,81612000,2.5606669902801515,-2.034243296730127,3.1286599894098175,2.294909554746575,561290400.0,43.8481528018728,0.001212067833653574,0.025758317320679385,-0.04909249897405162,1.69,13.09,0.51,7.158319235108698,2.2069945374993654,0.7872802769547604,0.0,0.0,1.0,1.0,0.0,0.0,-2.0
63,2014-04-03,2.728749990463257,2.740000009536743,2.608333110809326,2.65625,2.6496121883392334,79809600,2.596917009353638,-1.98220677910014,3.0982680438483325,2.310634863523188,641100000.0,51.36191210399904,0.0017125993299713649,0.017283310529608336,-0.031141422399273942,1.69,13.37,0.59,24.94570683719412,3.7245982252774823,-2.358720084807908,0.0,0.0,0.0,0.0,0.0,0.0,-1.0
64,2014-04-04,2.703332901000977,2.7149999141693115,2.4216670989990234,2.4454169273376465,2.4393060207366943,185505600,2.6293335914611817,-2.2025745275136,3.063728111242365,2.3262442337919174,826605600.0,50.84255005903884,-0.014733355856292096,0.010210021421347241,-0.049886754555278676,1.69,13.96,0.65,43.166943252525584,11.171331113750739,-7.9372450884650725,-2.0,0.0,0.0,0.0,0.0,0.0,-1.0
65,2014-04-07,2.396667003631592,2.462083101272583,2.322082996368408,2.3720829486846924,2.3661551475524902,156331200,2.61633358001709,-2.9041782568806824,3.055613162292913,2.304456446395441,982936800.0,36.743999725038016,-0.033300465984725136,0.0030451105475437995,-0.07269115306453787,1.69,15.57,0.62,56.23803699960482,25.090323108276134,-2.998833361834685,-2.0,0.0,0.0,0.0,0.0,-1.0,-1.0
66,2014-04-08,2.38083291053772,2.446666955947876,2.3545830249786377,2.438333034515381,2.4322400093078613,121620000,2.5786667823791505,-3.8381948217423583,3.096137981325988,2.2220010313286345,861316800.0,27.71645545763522,-0.042182947517833025,-0.004974130646462151,-0.07441763374274174,1.69,14.89,0.56,38.450649397519406,41.450229029774846,2.7929076370379002,-1.0,0.0,0.0,-1.0,0.0,-1.0,-1.0
67,2014-04-09,2.4641671180725098,2.566667079925537,2.4454169273376465,2.563333034515381,2.5569276809692383,110980800,2.5264999866485596,-2.4225125438603667,3.1050702568447033,2.1740687532667877,750336000.0,33.77703007145658,-0.03868992937405391,-0.012094074378945694,-0.05319170999021643,1.69,13.82,0.45,18.819445713238544,45.95187654988327,5.126453123120811,0.0,0.0,0.0,0.0,-1.0,-1.0,-2.0
68,2014-04-10,2.56833291053772,2.5687499046325684,2.305000066757202,2.326667070388794,2.3208529949188232,161138400,2.49508318901062,-1.87296407762902,3.0822388949471424,2.170941783738363,911474400.0,39.96981036325306,-0.054391659540745874,-0.016921496854022628,-0.0749403253734465,1.69,15.89,0.7,5.278882797034876,37.83604403678759,-9.232743499961583,-2.0,0.0,0.0,0.0,1.0,-1.0,-1.0
69,2014-04-11,2.2629170417785645,2.351249933242798,2.229166984558105,2.2454171180725098,2.2398061752319336,105938400,2.4291666030883787,-2.549588100241445,3.0941452950993225,2.125465952281252,1017412800.0,35.630238200794935,-0.07255521459069847,-0.022139507090113586,-0.10083141500116977,1.69,17.03,0.75,20.517908910951277,20.84965930259761,-3.4921176884455174,-2.0,0.0,3.0,0.0,0.0,-1.0,0.0
70,2014-04-14,2.300832986831665,2.331249952316284,2.232917070388794,2.295833110809326,2.2900962829589844,140637600,2.3891666412353514,-2.8788555773261373,3.152593600593039,2.0283648850102924,1158050400.0,35.23935219073911,-0.08193729146745987,-0.028767410858880165,-0.1063397612171594,1.69,16.11,0.61,20.517908910951277,14.872079140408232,2.245284064641595,-1.0,0.0,1.0,1.0,0.0,-1.0,-1.0
71,2014-04-15,2.31833291053772,2.3570830821990967,2.1741669178009038,2.3187499046325684,2.312955856323242,281025600,2.373916673660278,-2.2915645675972707,3.1768560664278596,1.9610468530235359,877024800.0,36.56787944600254,-0.08652604288680132,-0.03720735524090927,-0.09863737529178411,1.69,15.61,0.59,15.239026113916402,15.43823353964581,0.9981907532975454,-1.0,0.0,3.0,-1.0,-1.0,-1.0,-1.0
72,2014-04-16,2.37833309173584,2.4100000858306885,2.321666955947876,2.408750057220459,2.40273118019104,125707200,2.3500000476837157,-2.073654907306746,3.1673276576612412,1.920700256703892,751317600.0,40.83186893829708,-0.08195566737771465,-0.0469560342098487,-0.06999926633573189,1.69,14.18,0.53,3.2871061682750855,18.75828131193965,3.881408357498217,-1.0,0.0,0.0,0.0,0.0,0.0,-2.0
73,2014-04-17,2.384999990463257,2.447082996368408,2.3645830154418945,2.4100000858306885,2.403977870941162,88312800,2.3190834522247314,-0.45645416805011246,3.1293407397767607,1.920312210192213,663004800.0,46.57532675224566,-0.0773412037435377,-0.05625250828848048,-0.04217739091011444,1.69,13.36,0.57,7.607154349214291,13.014680397714256,0.0,0.0,0.0,0.0,0.0,0.0,0.0,-1.0
74,2014-04-21,2.4291670322418213,2.4649999141693115,2.394582986831665,2.464582920074463,2.458424568176269,72124800,2.3357500553131105,-0.6334853681177378,3.074388017104447,1.9388065677420498,590880000.0,45.924913661334166,-0.06849031578570752,-0.06320893583150777,-0.0105627599083995,1.69,13.25,0.47,17.673905715144212,8.711095543801926,2.2648478132713645,0.0,0.0,0.0,1.0,0.0,0.0,-2.0
75,2014-04-22,2.487916946411133,2.541666984558105,2.478332996368408,2.525000095367432,2.518690586090088,75160800,2.379583215713501,1.7426614687670248,3.0235879304521474,1.960717705635906,515719200.0,46.125307092622585,-0.055955739262205206,-0.06711891914272804,0.02232635976104566,1.69,13.19,0.48,28.290335959636668,9.522722077544529,2.451415807553503,0.0,1.0,0.0,0.0,0.0,0.0,-2.0
76,2014-04-23,2.523333072662353,2.5254170894622803,2.4529170989990234,2.456249952316284,2.4501123428344727,65683200,2.425416612625122,2.7012795210452647,3.004239004326907,1.9689416314432542,581402400.0,42.48200179441757,-0.05098187175343094,-0.06864922933654717,0.03533471516623246,1.69,13.27,0.69,42.4848385251925,17.85713200799839,-2.7227778397823643,0.0,0.0,0.0,0.0,0.0,0.0,-1.0
77,2014-04-24,2.579582929611206,2.5799999237060547,2.447499990463257,2.528749942779541,2.522430896759033,125388000,2.4529166221618652,1.201439891667442,2.9765952496911035,1.9803909550920182,706790400.0,39.04628471313942,-0.04072050199588739,-0.07001500071203351,0.058588997432292234,1.69,13.32,0.61,56.036522032313066,29.48302673332446,2.9516536130570925,0.0,0.0,0.0,0.0,1.0,-1.0,-1.0
78,2014-04-25,2.4820830821990967,2.490833044052124,2.389167070388794,2.4066669940948486,2.40065336227417,122373600,2.4769165992736815,2.4695227304601852,2.9638655722738743,1.9859123010832627,829164000.0,44.74948071528353,-0.04195572670205028,-0.06849598320704924,0.053080513009997915,1.69,14.06,0.71,59.94358915795228,42.270565505714075,-4.827798376556824,0.0,0.0,0.0,0.0,0.0,0.0,-1.0
79,2014-04-28,2.438750028610229,2.4820830821990967,2.3162500858306885,2.432499885559082,2.4264211654663086,241041600,2.4762499809265135,1.6127925855258773,2.961013459296651,1.981347752480082,1070205600.0,48.27841740960444,-0.04038462392822728,-0.06509604010831055,0.049422832360166535,1.69,13.97,0.69,64.70074710151306,52.82164990515262,1.0733886959690908,0.0,0.0,1.0,0.0,0.0,0.0,-1.0
80,2014-04-29,2.451667070388794,2.5004169940948486,2.416249990463257,2.4862499237060547,2.480037212371826,121816800,2.4698333740234375,2.8820549801242508,2.9545587481756583,1.975774667491558,948388800.0,52.802490896579876,-0.03440572698626321,-0.06047907704839581,0.0521467001242652,1.69,13.71,0.61,50.185718610957565,60.226952763926136,2.209662514932398,0.0,0.0,0.0,-1.0,0.0,0.0,-1.0
81,2014-04-30,2.4554169178009038,2.514167070388794,2.433332920074463,2.5083329677581787,2.502064943313598,92037600,2.462083339691162,5.038339125204898,2.9381416320160283,1.9812056542083378,856351200.0,52.24874313946374,-0.027567707611776182,-0.05468793083722491,0.054240446450897456,1.69,13.41,0.54,41.71803685494019,58.276684956807635,0.8882069272909909,0.0,0.0,0.0,0.0,0.0,0.0,-2.0
82,2014-05-01,2.519582986831665,2.571666955947876,2.5,2.530833005905152,2.5245089530944824,71875200,2.472499942779541,5.6507684063213075,2.8908414944969416,2.0103529825843576,784476000.0,47.14284758840023,-0.020101248276886974,-0.04864482419656508,0.05708715183935621,1.7,13.25,0.56,28.504208547836825,52.2015008558036,0.8970116183212529,0.0,0.0,1.0,0.0,-1.0,0.0,-1.0
83,2014-05-02,2.552917003631592,2.5687499046325684,2.4979169368743896,2.5183329582214355,2.512040138244629,75952800,2.4729165554046633,5.074616262193827,2.8189554590905006,2.064211219656042,860428800.0,63.64140041265072,-0.015019538946237976,-0.042284829144715,0.05453058039695405,1.7,12.91,0.65,32.2495903051816,40.13598800457819,-0.4939104103095726,1.0,0.0,0.0,0.0,0.0,1.0,-1.0
84,2014-05-05,2.4708330631256104,2.555833101272583,2.452500104904175,2.5541670322418213,2.5477845668792725,57895200,2.4952497482299805,4.5949311655377985,2.7610342499031555,2.1081463181561313,802533600.0,70.07968077171623,-0.00800842129870416,-0.03634363171810727,0.05667042083880622,1.7,13.29,0.65,38.59906512740831,34.15727856931954,1.422928366298848,1.0,0.0,0.0,1.0,0.0,1.0,-1.0
85,2014-05-06,2.542917013168335,2.5466670989990234,2.4529170989990234,2.4554169178009038,2.449280977249145,80822400,2.5195831775665285,7.269344451470229,2.759270179698855,2.109257598290851,883356000.0,69.42359726560856,-0.010301618353060427,-0.031016151944384934,0.041429067182649014,1.7,13.8,0.68,42.65379552065081,33.11762132680891,-3.866235574822352,0.0,0.0,0.0,0.0,1.0,1.0,-1.0
86,2014-05-07,2.4741671085357666,2.477916955947876,2.3475000858306885,2.433332920074463,2.427252769470215,130953600,2.513416576385498,5.97246867266013,2.7638704098637925,2.114615770441689,1014309600.0,59.223868069865595,-0.013742571780057222,-0.026496123788788208,0.025507104017461972,1.7,13.4,0.67,48.44641386598116,37.83415031774691,-0.8993991027079651,0.0,0.0,0.0,0.0,0.0,0.0,-1.0
87,2014-05-08,2.409167051315308,2.514167070388794,2.391666889190674,2.424999952316284,2.41894006729126,109608000,2.498416566848755,5.466611790997778,2.7638273063846523,2.1152977721345336,904701600.0,51.82658853041006,-0.01694660312630525,-0.0234985759870293,0.013103945721448101,1.7,13.43,0.66,38.91514884710804,43.23309150468009,-0.34245078794741257,0.0,0.0,1.0,-1.0,0.0,0.0,-1.0
88,2014-05-09,2.422499895095825,2.4583330154418945,2.374583005905152,2.453332901000977,2.447202444076538,78237600,2.4772499561309815,3.4662181753765853,2.750186354083111,2.1207859534399804,826464000.0,51.102930864252926,-0.017003582170583176,-0.020719784478613185,0.007432404616060019,1.7,12.92,0.72,28.282590891671003,43.33845274458,1.168369040899564,0.0,0.0,0.0,0.0,-1.0,0.0,-1.0
89,2014-05-12,2.4979169368743896,2.5762500762939453,2.490833044052124,2.572916984558105,2.5664875507354736,63842400,2.4642499446868897,6.0693608456023815,2.750030468917424,2.123802901291316,762621600.0,49.13957844340032,-0.007314979802761634,-0.018121890949986064,0.02161382229444886,1.7,12.23,0.53,9.641184406500875,38.54805120158674,4.87435209091831,1.0,0.0,0.0,0.0,0.0,0.0,-2.0
90,2014-05-13,2.582082986831665,2.608750104904175,2.564167022705078,2.578332901000977,2.571889877319336,58864800,2.4679999351501465,8.585012992634026,2.7400177640691092,2.1609544751073235,821486400.0,53.360620321370604,0.0007912060398669318,-0.015111807929597,0.03180602793892787,1.7,12.13,0.61,7.693126868360817,25.612974715093305,0.0,1.0,0.0,1.0,0.0,0.0,0.0,-1.0
91,2014-05-14,2.5570828914642334,2.585833072662353,2.521667003631592,2.539999961853028,2.533652782440185,49320000,2.492583131790161,7.605511411278799,2.735592400763257,2.195088168249703,870806400.0,59.39702314034361,0.00407529147126473,-0.011960817523858877,0.03207221799024722,1.7,12.17,0.72,25.767469444117708,15.205634055510899,-1.4867335064865927,1.0,0.0,1.0,1.0,1.0,0.0,-1.0
92,2014-05-15,2.53708291053772,2.550832986831665,2.4316670894622803,2.481250047683716,2.47504997253418,100740000,2.513916540145874,6.083650986076427,2.7007350129338863,2.2565288938628876,971546400.0,50.91401736063496,0.001915247969864975,-0.009274535329619797,0.022379566598969544,1.7,13.17,0.69,45.33148060712579,14.3672602396598,-2.3129887815609096,0.0,0.0,0.0,0.0,0.0,0.0,-1.0
93,2014-05-16,2.4866669178009038,2.532500028610229,2.438333034515381,2.5274999141693115,2.521183967590332,71455200,2.52516655921936,4.249438689895787,2.686933155663493,2.281108518632569,900091200.0,56.75469553516057,0.003890528046310404,-0.007392892338941692,0.022566840770504193,1.7,12.44,0.68,55.79145295706791,26.264025639868105,1.8639744321121698,1.0,0.0,0.0,0.0,0.0,0.0,-1.0
94,2014-05-19,2.505000114440918,2.592082977294922,2.492917060852051,2.581666946411133,2.5752158164978027,60264000,2.5399999618530273,5.281343776215487,2.679170853456442,2.2980930501614174,839827200.0,58.2969458683621,0.009714792466846145,-0.006070786856162296,0.03157115864601688,1.7,12.42,0.54,41.41410269748369,42.29680100277047,2.1431071842241245,1.0,0.0,0.0,-1.0,-1.0,0.0,-2.0
95,2014-05-20,2.578332901000977,2.6050000190734863,2.5208330154418945,2.553333044052124,2.546952724456787,81165600,2.541749954223633,4.6303819780689475,2.6881989845657794,2.300481624501502,920992800.0,58.32729917918855,0.011906998391996826,-0.0038467412095060105,0.03150747920300567,1.7,12.96,0.66,34.92823563267698,47.512345420559136,-1.0975041687076192,1.0,0.0,1.0,0.0,1.0,0.0,-1.0
96,2014-05-21,2.565000057220459,2.6287500858306885,2.561666965484619,2.6254169940948486,2.618856430053711,61809600,2.536749982833862,3.5206129163184157,2.6980200490406223,2.295132760102445,859183200.0,53.88489078324358,0.01923913297047175,-0.0009967889681666718,0.04047184387727684,1.7,11.91,0.68,40.244596910643004,44.04459709574286,2.823131522565814,2.0,0.0,0.0,0.0,-1.0,0.0,-1.0
97,2014-05-22,2.632499933242798,2.6816670894622803,2.6220829486846924,2.657917022705078,2.651275396347046,63240000,2.5538333892822265,6.229381813032776,2.7245519994264336,2.2813091398710523,795943200.0,57.52156852633266,0.02735702835020115,0.0030238483759196613,0.04866635994856298,1.7,12.03,0.71,51.33557380931804,38.86231174693456,1.2378996815869403,2.0,0.0,1.0,1.0,0.0,0.0,-1.0
98,2014-05-23,2.6691670417785645,2.71875,2.651249885559082,2.7174999713897705,2.710709571838379,47568000,2.589166784286499,6.124992829085469,2.76740076715623,2.2519742789380293,748375200.0,60.75789526295247,0.038158497521699974,0.007952805100451254,0.060411384842497445,1.7,11.36,0.58,60.82579866803628,42.169468784212675,2.2417159066934422,2.0,0.0,0.0,0.0,0.0,1.0,-1.0
99,2014-05-27,2.7554171085357666,2.8204169273376465,2.7470829486846924,2.819582939147949,2.81253719329834,59193600,2.6271667957305906,8.453190325179245,2.816400081906214,2.2296693891351484,689181600.0,62.14370192634945,0.05432970301829432,0.013005413692058099,0.08264857865247244,1.7,11.51,0.53,64.39198766204021,50.801989795999106,3.7565029929318428,2.0,0.0,0.0,0.0,0.0,1.0,-2.0
100,2014-05-28,2.8170828819274902,2.829166889190674,2.7866671085357666,2.792917013168335,2.785938024520874,59217600,2.674749994277954,8.977774950484944,2.9020619334686386,2.1825491962921046,748399200.0,76.94199391741691,0.06425311262530542,0.01895413557855003,0.09059795409351078,1.7,11.68,0.56,73.55505667298365,58.85112004646484,-0.9457400812501904,2.0,0.0,1.0,0.0,0.0,1.0,-1.0
101,2014-05-29,2.824167013168335,2.84958291053772,2.8066670894622803,2.84958291053772,2.8424623012542725,43651200,2.722666788101196,7.011100949771067,2.9771636755382183,2.140975257643545,704748000.0,76.42386528603797,0.07581599102350944,0.02564056015122122,0.10035086174457644,1.7,11.57,0.52,79.99702276969164,66.25761433435338,2.0289144683573124,2.0,0.0,1.0,0.0,0.0,1.0,-2.0
102,2014-05-30,2.84958291053772,2.8616669178009038,2.803333044052124,2.84708309173584,2.839968681335449,56673600,2.7674999713897703,6.504155357441842,3.052572979669511,2.100565951922795,761421600.0,79.13097331930462,0.08381181059319509,0.033851753823848384,0.09992011353869341,1.7,11.4,0.56,82.57703385793127,72.6480223682385,0.0,1.0,0.0,1.0,0.0,1.0,1.0,-1.0
103,2014-06-02,2.858333110809326,2.859999895095825,2.7850000858306885,2.8399999141693115,2.8329031467437744,50635200,2.8053331851959227,7.268797375060589,3.116965950097375,2.0664924178861246,812056800.0,78.00837109597582,0.08855618144056754,0.04273189632905779,0.09164857022301949,1.82,11.58,0.62,81.25196862417481,78.70970443353552,0.0,1.0,0.0,1.0,0.0,0.0,1.0,-1.0
104,2014-06-03,2.810832977294922,2.8491671085357666,2.800832986831665,2.835833072662353,2.828746795654297,47551200,2.829833173751831,8.510187172873001,3.1669466713677235,2.0465116997946913,764505600.0,72.61826450496022,0.09093169624133779,0.05149205065947128,0.07887929116373302,1.82,11.87,0.58,78.79532049843668,81.27534175059924,0.0,1.0,0.0,1.0,-1.0,0.0,1.0,-1.0
105,2014-06-04,2.813333034515381,2.880000114440918,2.800416946411133,2.865833044052124,2.8586721420288086,52677600,2.8330832004547117,7.195937297630703,3.208238646453819,2.0359974890289685,711828000.0,71.85296814665942,0.09414975602526976,0.060272572642731385,0.06775436676507675,1.82,12.08,0.43,80.6955456525573,80.8747743268476,1.0578891853322725,1.0,0.0,0.0,0.0,-1.0,1.0,-2.0
106,2014-06-05,2.875,2.9554169178009038,2.845417022705078,2.940417051315308,2.933069467544556,88053600,2.8476664066314696,9.462626888574931,3.2438727873697797,2.0367383144165148,623774400.0,78.04881152390996,0.1015478176202822,0.0685959752043756,0.06590368483181319,1.82,11.68,0.5,77.96908784112519,80.24761159172293,2.6025245056748414,1.0,0.0,0.0,0.0,0.0,1.0,-2.0
107,2014-06-06,2.9749999046325684,2.990833044052124,2.954582929611206,2.987916946411133,2.9804506301879883,39609600,2.8658332347869875,9.63430683450208,3.2776870306300516,2.052340772155185,584164800.0,88.47770318868366,0.10997594505854513,0.07683939623438461,0.06627309764832104,1.82,10.73,0.47,78.28656330593988,79.15331799737305,1.615413537157151,1.0,0.0,1.0,0.0,0.0,2.0,-2.0
108,2014-06-09,2.9941670894622803,3.005000114440918,2.958750009536743,2.9825000762939453,2.9750471115112305,62085600,2.894000005722046,11.1815845371292,3.326542392064467,2.056902044326727,646250400.0,88.50179217758038,0.11489377668819456,0.08481911262736741,0.0601493281216543,1.82,11.15,0.48,74.6799700657189,78.9837322665408,0.0,1.0,0.0,1.0,0.0,0.0,2.0,-2.0
109,2014-06-10,2.973750114440918,3.0020830631256104,2.964582920074463,2.999583005905152,2.9920876026153564,36398400,2.9225000381469726,9.72841471665641,3.354112117306994,2.084665695014986,609852000.0,86.49470124209299,0.11880018871245301,0.09154845414624521,0.054503469132415605,1.82,10.99,0.52,77.96704916848265,76.97854040426132,0.5727721433098409,1.0,0.0,1.0,1.0,0.0,2.0,-2.0
110,2014-06-11,2.9658329486846924,3.008749961853028,2.959583044052124,2.994999885559082,2.987516164779663,48489600,2.9552500247955322,8.991313104438275,3.396652475214151,2.0863336332478637,561362400.0,91.47958052992213,0.12014131458747057,0.0976092403781505,0.04506414841864015,1.82,11.6,0.5,79.8205895744149,76.97786084671381,0.0,1.0,0.0,1.0,0.0,0.0,2.0,-2.0
111,2014-06-12,2.9770829677581787,2.9866669178009038,2.8833329677581787,2.916666984558105,2.9093785285949707,60487200,2.981083393096924,9.94519877257764,3.4335001465117183,2.0898887240454305,621849600.0,89.28269323654948,0.11357414401554067,0.10253427632970175,0.022079735371677844,1.82,12.56,0.51,80.20194262210855,77.48920293620547,-2.6154558929592286,1.0,0.0,0.0,0.0,1.0,2.0,-2.0
112,2014-06-13,2.954166889190674,2.962083101272583,2.90291690826416,2.936666965484619,2.929328680038452,36009600,2.9763333797454834,10.301312665887789,3.4377833737504613,2.123577724539029,657859200.0,75.06066139626027,0.10873007274089508,0.10584120226551791,0.00577774095075434,1.82,12.18,0.56,77.24731057787758,79.32986045500202,0.6857135570293549,1.0,0.0,1.0,-1.0,0.0,1.0,-1.0
113,2014-06-16,2.927500009536743,2.972917079925537,2.905833005905152,2.947499990463257,2.9401345252990723,44978400,2.9660833835601808,10.650156327483062,3.414565787719111,2.1913925389385014,612880800.0,72.98965875129717,0.10455994398850388,0.10808274574333208,-0.007045603509656412,1.82,12.65,0.48,60.56491045112907,79.08994759146701,0.36888844073776905,1.0,-1.0,1.0,0.0,-1.0,1.0,-2.0
114,2014-06-17,2.9429171085357666,2.976249933242798,2.9266669750213623,2.951667070388794,2.944291353225708,47820000,2.959083366394043,9.642294284132323,3.3800654286390164,2.270156801318563,565060800.0,66.59474372813608,0.10043359941600682,0.10959699549301721,-0.018326792154020777,1.82,12.06,0.49,51.88776520103088,72.67138788370507,0.0,1.0,0.0,1.0,0.0,0.0,1.0,-2.0
115,2014-06-18,2.963749885559082,3.014167070388794,2.909167051315308,3.0054171085357666,2.9979069232940674,57400800,2.9495001792907716,8.595287247143004,3.3512291903727505,2.3385902727213246,507660000.0,71.87148940531243,0.10034391825650424,0.11029520031421021,-0.01990256411541194,1.82,10.61,0.38,41.24248150516858,63.233328743345844,1.8210061251892062,1.0,0.0,0.0,0.0,0.0,1.0,-2.0
116,2014-06-19,3.016249895095825,3.021667003631592,2.956249952316284,2.993750095367432,2.986269235610962,52975200,2.9515836238861084,9.545063514094208,3.3108813358691447,2.4205909656140094,560635200.0,71.64365925184154,0.09819943289866195,0.11016143371823489,-0.023924001639145875,1.82,10.62,0.47,36.343070731116704,51.23171905244285,-0.3881994660640875,1.0,0.0,1.0,0.0,0.0,1.0,-2.0
117,2014-06-20,3.0004169940948486,3.015832901000977,2.983333110809326,3.0045828819274902,2.997075080871582,28296000,2.9670002460479736,8.458972355209392,3.2728271359890675,2.497172932357591,532339200.0,69.86459553680638,0.09626435261000221,0.10885293236713675,-0.025177159514269076,1.82,10.85,0.52,42.82098686233701,43.15777247910538,0.36184672116823524,1.0,0.0,1.0,0.0,0.0,1.0,-2.0
118,2014-06-23,3.0037500858306885,3.0108330249786377,2.9825000762939453,3.0079169273376465,3.00040054321289,34704000,2.980583429336548,8.4219460978563,3.239510200331554,2.565225929111296,497635200.0,72.0670023175896,0.09391719814180588,0.10678299635844872,-0.02573159643328568,1.82,10.98,0.54,48.32840473608879,40.135513032874094,0.0,1.0,0.0,1.0,1.0,0.0,1.0,-2.0
119,2014-06-24,3.0079169273376465,3.0829169750213623,2.973750114440918,2.999583005905152,2.9920876026153564,80124000,2.992666816711426,7.76615943484654,3.2065946566070878,2.6285998118911413,577759200.0,73.12434962246061,0.0903431637502643,0.10401821962837682,-0.027350111756225037,1.82,12.13,0.52,62.36995883384648,42.49748744318084,0.0,1.0,0.0,1.0,0.0,1.0,1.0,-2.0
120,2014-06-25,2.977499961853028,3.0704169273376465,2.9770829677581787,3.0541670322418213,3.0470430850982666,42261600,3.002250003814697,6.185909873666943,3.2077242149436267,2.649775829561175,535497600.0,69.08436626982133,0.09086772393474174,0.10070731397979833,-0.019679180090113185,1.82,11.59,0.49,61.746421585102496,51.17311681075743,1.8197204821207569,1.0,0.0,0.0,0.0,0.0,1.0,-2.0
121,2014-06-26,3.0625,3.0625,2.9895830154418945,3.0625,3.055356502532959,43790400,3.011999988555908,7.4406786317182325,3.208382337056424,2.6722149046631394,535497600.0,67.21306152371932,0.0909079126875092,0.09818437841526512,-0.014552931455511842,1.82,11.63,0.58,57.02041286786902,57.48159505167926,0.0,1.0,0.0,1.0,-1.0,-1.0,1.0,-1.0
122,2014-06-27,3.050416946411133,3.1016669273376465,3.0487499237060547,3.092916965484619,3.085702896118164,36928800,3.0257499694824217,7.1094517370390236,3.213247049029782,2.687641862853253,498568800.0,62.8039266728553,0.09232983659015925,0.09620413840933335,-0.0077486036383482,1.82,11.26,0.52,57.59523042404856,60.378931095606,0.9932070362324685,1.0,0.0,0.0,0.0,0.0,1.0,-2.0
123,2014-06-30,3.0983328819274902,3.140000104904175,3.0908329486846924,3.115833044052124,3.108565330505371,27225600,3.0434167861938475,7.083600857367981,3.2274288677941922,2.6978350695201585,471343200.0,67.45717146191494,0.09421975091140844,0.09484523758729507,-0.0012509733517732657,1.82,11.57,0.5,57.2543869717693,58.7873549590067,0.7409212346544347,1.0,0.0,1.0,0.0,0.0,1.0,-2.0
124,2014-07-01,3.147083044052124,3.243750095367432,3.1449999809265137,3.220417022705078,3.2129054069519043,33028800,3.0650000095367433,6.624908784078346,3.243633435089149,2.7103527089767074,438314400.0,68.04654316546225,0.10296960514782016,0.09415480997567302,0.017629590344294288,1.91,11.15,0.51,67.86511849735648,57.29001008789563,3.356533459088773,2.0,1.0,0.0,1.0,0.0,1.0,-2.0
125,2014-07-02,3.22458291053772,3.249583005905152,3.2158329486846924,3.232917070388794,3.2253763675689697,40900800,3.1091668128967287,6.545945370706205,3.293638788874164,2.6977918195573345,397413600.0,76.70282520086405,0.10964861605826481,0.09444655296359701,0.030404126189335606,1.91,10.82,0.57,63.735182979648364,60.90491196439145,0.38814996926130885,2.0,0.0,1.0,0.0,0.0,1.0,-1.0
126,2014-07-03,3.2654170989990234,3.2950000762939453,3.240000009536743,3.2950000762939453,3.287314414978028,32318400,3.144916820526123,5.921276747261488,3.3473909489767313,2.68244242345725,365095200.0,94.38573337821735,0.11858439298556789,0.09571868442577511,0.04573141711958556,1.91,10.32,0.49,68.36841046341527,62.95156281625805,1.920340192879899,2.0,0.0,1.0,0.0,0.0,2.0,-2.0
127,2014-07-07,3.282917022705078,3.2966670989990234,3.2479169368743896,3.2633330821990967,3.255721092224121,43975200,3.191416835784912,5.894223706328176,3.422797752252927,2.643327259191165,409070400.0,94.97886562704645,0.12170782674172242,0.09819868891194908,0.04701827565954669,1.91,11.33,0.61,72.10705361630743,66.65623731347337,-0.961062014009606,1.0,0.0,1.0,0.0,0.0,2.0,-1.0
128,2014-07-08,3.2479169368743896,3.2537500858306885,3.107917070388794,3.149583101272583,3.1422367095947266,75876000,3.225500059127808,4.87905428066992,3.4843282316633357,2.610949586380691,484946400.0,87.67372230141041,0.11369390511788557,0.10128653653416203,0.024814737167447087,1.91,11.98,0.63,85.13060293303117,68.07021568645702,-3.4856993773329403,1.0,0.0,0.0,0.0,1.0,2.0,-1.0
129,2014-07-09,3.172916889190674,3.2270829677581787,3.1458330154418945,3.2208330631256104,3.213320255279541,68481600,3.2322500705718995,4.582377895176985,3.501915426169751,2.612195727114958,416464800.0,68.71539842705167,0.1118032921972536,0.10388106335278662,0.01584445768893397,1.91,11.65,0.54,86.07618007483443,75.20202233758464,2.262202950740977,1.0,0.0,0.0,0.0,-1.0,1.0,-2.0
130,2014-07-10,3.096667051315308,3.225832939147949,3.0829169750213623,3.190417051315308,3.1829752922058105,61622400,3.232333278656006,4.374744269800012,3.523903114415063,2.611124707443661,354842400.0,69.71764348496347,0.10662158264554034,0.10620723760417682,0.0008286900827270405,1.91,12.59,0.67,67.83077239131264,81.10461220805767,-0.9443523217184557,1.0,0.0,0.0,-1.0,0.0,1.0,-1.0
131,2014-07-11,3.209167003631592,3.247499942779541,3.1820828914642334,3.245832920074463,3.2382619380950928,60844800,3.2238332748413088,4.337311069053971,3.534428921366706,2.618460036292697,293997600.0,67.4041315984362,0.1057674170271734,0.10795320093284694,-0.004371567811347066,1.91,12.08,0.54,54.364617027929604,79.67918513305942,1.736947485793694,1.0,-1.0,0.0,0.0,0.0,1.0,-2.0
132,2014-07-14,3.2895829677581787,3.3279170989990234,3.274583101272583,3.3079171180725098,3.300201416015625,53529600,3.213999843597412,5.280871292430447,3.5456896174520023,2.636824303014103,240468000.0,69.78809283551973,0.10884545785562194,0.10944626542584851,-0.0012016151404531383,1.91,11.82,0.58,40.24805784573468,69.42385649802556,1.9127354835202892,1.0,0.0,2.0,0.0,0.0,1.0,-1.0
133,2014-07-15,3.321666955947876,3.335833072662353,3.2012500762939453,3.273333072662353,3.265697956085205,74268000,3.2229166507720945,5.330675539773345,3.575849797540858,2.643622467702672,314736000.0,72.44388191193201,0.10725778299783428,0.11107134397520557,-0.007627121954742577,1.91,11.96,0.58,50.56882372139139,54.14781575499231,-1.045493105652795,1.0,0.0,0.0,0.0,0.0,1.0,-1.0
134,2014-07-16,3.343333005905152,3.352916955947876,3.300416946411133,3.3104169368743896,3.3026955127716064,53304000,3.2476666450500487,5.1848288662774165,3.585545443370206,2.6667323600508137,368040000.0,69.70604095634599,0.10774982425154933,0.1115478081807627,-0.007595967858426728,1.91,11.0,0.5,54.92413393507449,48.39383286501856,1.1329083655356342,1.0,0.0,2.0,1.0,1.0,1.0,-2.0
135,2014-07-17,3.282500028610229,3.3187499046325684,3.147083044052124,3.178333044052124,3.170919418334961,80462400,3.2655834197998046,4.737127384680834,3.6046795476358495,2.6845704844711857,448502400.0,68.92305211176748,0.09637080159839329,0.11133683131334987,-0.02993205942991317,1.91,14.54,0.67,58.12465845021811,48.58033850073352,-3.989947349259748,0.0,0.0,0.0,0.0,0.0,1.0,-1.0
136,2014-07-18,3.2325000762939453,3.333750009536743,3.2166669368743896,3.328749895095825,3.320985555648804,58488000,3.263166618347168,3.633564175977095,3.593156299452853,2.7199408914040806,390014400.0,57.23201779130054,0.09835643519728787,0.10886865449255269,-0.02102443859052963,1.91,12.06,0.56,57.70781554837785,54.53920536889466,4.732570468824493,1.0,0.0,0.0,0.0,0.0,0.0,-1.0
137,2014-07-21,3.305417060852051,3.3324999809265137,3.271250009536743,3.316667079925537,3.3089311122894287,47450400,3.2797500133514403,4.192478186620585,3.595737802151318,2.7476093817120053,342564000.0,62.805387828528424,0.09782738868486307,0.10627405543205996,-0.016893333494393786,1.91,12.81,0.62,39.715159249821035,56.91886931122348,-0.3629835689394789,1.0,0.0,1.0,-1.0,-1.0,1.0,-1.0
138,2014-07-22,3.365000009536743,3.3949999809265137,3.352499961853028,3.382499933242798,3.374610185623169,53728800,3.281500005722046,4.316323795191527,3.5961811106278323,2.777721679123857,288835200.0,61.034818748472226,0.10154967514419955,0.10451110916172413,-0.005922868035049156,1.91,12.24,0.59,45.52476521655179,51.84921108280566,1.9849099029480843,1.0,0.0,1.0,0.0,0.0,1.0,-1.0
139,2014-07-23,3.413332939147949,3.456249952316284,3.3975000381469727,3.4458329677581787,3.437795639038086,51230400,3.303333377838135,4.046241721783262,3.609203767909664,2.8023240167557626,237604800.0,59.301741050037364,0.10836094307061384,0.10337181837805146,0.00997824938512476,1.91,11.52,0.59,42.747011967436144,47.64924667158356,1.8723735629068816,1.0,1.0,1.0,0.0,0.0,0.0,-1.0
140,2014-07-24,3.4629170894622803,3.47458291053772,3.418750047683716,3.4337499141693115,3.4257407188415527,43730400,3.3304165840148925,4.918696795088371,3.6379390233432765,2.8150331900839496,281335200.0,61.545371193469265,0.11149863368882773,0.10356508064750407,0.015867106082647325,1.91,11.84,0.58,61.004536294168076,42.66231214460299,-0.35065697327540946,1.0,0.0,1.0,1.0,0.0,1.0,-1.0
141,2014-07-25,3.384166955947876,3.4066669940948486,3.339582920074463,3.391666889190674,3.383755922317505,46428000,3.3814999580383303,4.0956024658664845,3.6594944428930605,2.834324968702603,234907200.0,57.95507825368536,0.10932924817843359,0.10420188249879898,0.010254731359269215,1.91,12.69,0.62,67.72611705643591,49.75877115938533,-1.2255704704929982,1.0,0.0,1.0,0.0,0.0,0.0,-1.0
142,2014-07-28,3.4008328914642334,3.420833110809326,3.317500114440918,3.3958330154418945,3.3879122734069824,45981600,3.3940833568573,3.784300115635514,3.644419135225051,2.8835114026345483,280888800.0,57.271041702069255,0.10671601036351053,0.10425563697911139,0.004920746768798279,1.91,12.56,0.59,76.64447841622409,57.15922177268004,0.0,1.0,0.0,1.0,0.0,1.0,0.0,-1.0
143,2014-07-29,3.4170830249786377,3.4395830631256104,3.3695828914642334,3.3787500858306885,3.3708691596984863,39626400,3.409916543960571,3.6856658429435005,3.632200213525432,2.9254247384729615,320515200.0,65.92993553358383,0.10208972412512995,0.10419544001974208,-0.004211431789224257,1.91,13.28,0.6,76.55095550095581,68.45837725560936,-0.5030556430049682,1.0,-1.0,0.0,0.0,0.0,1.0,-1.0
144,2014-07-30,3.433332920074463,3.4529170989990234,3.37833309173584,3.4191670417785645,3.411191940307617,53805600,3.4091665744781494,3.1179356570380925,3.626594198474566,2.9590724182831454,374320800.0,60.9855538785597,0.10052586986440426,0.10356654000569548,-0.006081340282582448,1.91,13.33,0.57,69.84742660708739,73.64051699120527,1.1962102825352705,1.0,0.0,2.0,-1.0,0.0,1.0,-1.0
145,2014-07-31,3.3333330154418945,3.3491671085357666,3.194999933242798,3.210833072662353,3.203343629837036,69458400,3.4038333892822266,2.8252356653623054,3.6432502399218354,2.963791381286356,443779200.0,65.69469249626296,0.08153579996009963,0.1040282142574745,-0.044984828594749726,1.91,16.95,0.64,64.24947742023461,74.34762017475576,-6.093120534053853,-1.0,0.0,0.0,0.0,0.0,1.0,-1.0
146,2014-08-01,3.19083309173584,3.242500066757202,3.110416889190674,3.1737499237060547,3.166347026824951,86162400,3.359250020980835,2.199663042731858,3.6414359121043463,2.967494612085922,529941600.0,48.015133659385015,0.0627701572412942,0.1021592547866758,-0.0787781950907632,1.91,17.03,1.04,55.78330362982066,70.21595317609261,-1.154938550746576,-1.0,0.0,3.0,0.0,0.0,0.0,1.0
147,2014-08-04,3.194999933242798,3.276249885559082,3.159167051315308,3.2387499809265137,3.23119592666626,72091200,3.3156666278839113,1.493644705595431,3.6541155418746953,2.944703872899882,457850400.0,42.16922897092221,0.0525375909322805,0.09826400684850148,-0.09145283183244196,1.91,15.12,0.63,33.645892936724856,63.29340255238089,2.0480522657108757,0.0,0.0,0.0,0.0,0.0,0.0,-1.0
148,2014-08-05,3.202083110809326,3.2270829677581787,3.119999885559082,3.162916898727417,3.1555392742156982,83769600,3.284250020980835,2.026805007612372,3.6570058942812507,2.937355180484272,541620000.0,48.050739996355546,0.037872541358825895,0.0928182197138438,-0.1098913567100358,1.91,16.87,0.74,13.247203523581833,51.226224662260044,-2.3414305718468253,-1.0,0.0,0.0,0.0,0.0,0.0,0.0
149,2014-08-06,3.104166984558105,3.2141671180725098,3.096250057220459,3.157500028610229,3.150135040283203,59649600,3.2410833835601807,2.12983752739801,3.6571026951129735,2.9372166961376367,481970400.0,42.03418812222846,0.025519119246527833,0.0849861750792007,-0.11893411166534573,1.91,16.37,0.8,5.949672531228518,34.22546669670911,0.0,-1.0,0.0,0.0,0.0,0.0,0.0,0.0
150,2014-08-07,3.1983330249786377,3.218333005905152,3.093333005905152,3.1270830631256104,3.119788885116577,76802400,3.188749980926514,1.61631173555171,3.665948301752711,2.924176694750483,558772800.0,48.6965757143624,0.013123271407674775,0.07543289569672293,-0.12461924857809631,1.91,16.66,0.65,5.949672531228518,17.614256330511733,-0.9633243138245207,-1.0,0.0,0.0,0.0,0.0,0.0,-1.0
151,2014-08-08,3.1433329582214355,3.204166889190674,3.100832939147949,3.1937499046325684,3.186300277709961,62232000,3.171999979019165,0.8853746932293274,3.67089868251111,2.9172123843071276,496540800.0,35.153323148298966,0.008580024458613167,0.06474334272219417,-0.11232663652716202,1.91,15.77,0.65,5.949672531228518,8.382182862012955,2.1319178340060585,-1.0,0.0,0.0,0.0,-1.0,-1.0,-1.0
152,2014-08-11,3.229166984558105,3.280416965484619,3.22458291053772,3.251667022705078,3.244082450866699,37176000,3.175999975204468,0.9324742610770858,3.6798781624183508,2.9023440370216513,459364800.0,41.6240301588983,0.009542891402213982,0.05383934428831669,-0.08859290577220541,1.91,14.23,0.57,0.0,5.949672531228518,1.8134518920376541,0.0,0.0,1.0,0.0,0.0,0.0,-1.0
153,2014-08-12,3.240417003631592,3.271667003631592,3.196666955947876,3.2441670894622803,3.236599922180176,45465600,3.1785833835601807,0.7368430742281803,3.6785773029658433,2.8985198824869354,413899200.0,40.987398028817175,0.009590238163134757,0.04355636287465936,-0.0679322494230492,1.91,14.13,0.67,6.17999542502512,3.966448354152345,0.0,0.0,0.0,1.0,1.0,0.0,0.0,-1.0
154,2014-08-13,3.287916898727417,3.3520829677581787,3.280833005905152,3.34958291053772,3.3417696952819824,40639200,3.1948334217071532,0.9156459704137824,3.6792091464698347,2.8946241998970477,373260000.0,34.950309303590075,0.017927282028414204,0.033452403796740526,-0.031050243536652644,1.91,12.9,0.65,17.72888964033406,4.043222652084546,3.249395551106238,0.0,0.0,0.0,0.0,0.0,-1.0,-1.0
155,2014-08-14,3.360832929611206,3.4024999141693115,3.34958291053772,3.401249885559082,3.393316507339477,51544800,3.2332499980926515,2.1327304768630295,3.6799967133102665,2.8944615678888703,321715200.0,44.486873955616666,0.028376436545326733,0.026384790693219924,0.003983291704213618,1.91,12.42,0.6,32.98409149871978,7.969628355119727,1.5424898084719363,1.0,1.0,0.0,0.0,0.0,0.0,-1.0
156,2014-08-15,3.4549999237060547,3.4741671085357666,3.352916955947876,3.447499990463257,3.43945837020874,77978400,3.2880833625793455,3.3748420234211007,3.6912767925739294,2.900153712542851,399693600.0,50.619924191387135,0.03992918493075859,0.02256326617144576,0.03473183751862566,1.91,13.15,0.63,55.46752669717978,18.96432552135965,1.3597973233469896,1.0,0.0,1.0,0.0,0.0,0.0,-1.0
157,2014-08-18,3.500833034515381,3.5395829677581787,3.4895830154418945,3.530833005905152,3.522597312927246,39674400,3.338833379745483,3.155321480080452,3.713537025140979,2.8910740537571322,360019200.0,53.16975006443147,0.05517309803230752,0.02116233217127666,0.06802153172206173,1.91,12.32,0.5,73.47837460442436,35.393502612077874,2.4172013247981905,1.0,0.0,1.0,0.0,0.0,0.0,-2.0
158,2014-08-19,3.555417060852051,3.595000028610229,3.5491669178009038,3.5916669368743896,3.583289384841919,39314400,3.394666576385498,3.3316073356617237,3.765943882283267,2.8599865939053926,320704800.0,58.62880975609231,0.07134043073297791,0.023084616246107952,0.09651162897373991,1.91,12.21,0.58,86.2683613749249,53.97666426677464,1.72293424434109,2.0,0.0,0.0,0.0,0.0,0.0,-1.0
159,2014-08-20,3.579582929611206,3.610416889190674,3.571249961853028,3.5916669368743896,3.583289384841919,35325600,3.46416654586792,3.7174820579255563,3.8297836518079906,2.816341291289441,285379200.0,59.565601029543856,0.0831941480257199,0.02817587307793574,0.11003654989556831,1.91,11.78,0.56,87.76365921407039,71.738087558843,0.0,1.0,0.0,1.0,0.0,0.0,0.0,-1.0
160,2014-08-21,3.59708309173584,3.6145830154418954,3.5779170989990234,3.612082958221436,3.603657722473145,33950400,3.512583351135254,3.25847139470307,3.8819081789325764,2.7800084584880764,251428800.0,77.463959563323,0.09316179549329373,0.03596152603549631,0.11440053891559485,1.91,11.76,0.51,89.07325556518286,82.50346506447322,0.5684274657385968,1.0,0.0,1.0,0.0,0.0,1.0,-2.0
161,2014-08-22,3.613332986831665,3.6541669368743896,3.591249942779541,3.6262500286102295,3.6177918910980233,38407200,3.5547499656677246,4.286073521402596,3.931512787928023,2.7463205228350187,213021600.0,82.38913713388953,0.10103966968843903,0.04535950059490526,0.11136033818706753,1.91,11.47,0.56,87.05695005480008,87.7017587180594,0.39221331715397767,1.0,0.0,1.0,-1.0,0.0,2.0,-1.0
162,2014-08-25,3.680000066757202,3.6962499618530273,3.640000104904175,3.6666669845581055,3.658114194869995,33988800,3.5904999732971192,3.962802723442447,3.9933605056687673,2.7089311419244124,247010400.0,80.95870491367984,0.10928448875240404,0.05552580929337471,0.10751735891805866,1.91,11.7,0.64,86.24349802595854,87.9646216113511,1.1145661669492268,1.0,0.0,1.0,0.0,0.0,2.0,-1.0
163,2014-08-26,3.68166708946228,3.6887500286102295,3.652082920074463,3.679167032241821,3.67058539390564,20858400,3.61766676902771,3.5371655808209552,4.064653188946125,2.6665968190011613,267868800.0,92.66048859004898,0.11549585234991078,0.06660294824773796,0.09778580820434563,1.91,11.63,0.53,83.21262622458745,87.45790121531383,0.34091036181791434,1.0,0.0,1.0,0.0,1.0,2.0,-2.0
164,2014-08-27,3.68166708946228,3.691250085830689,3.6549999713897705,3.6795830726623535,3.671000480651856,18357600,3.635166788101196,4.460510309666017,4.128207974204574,2.630778165092912,286226400.0,93.65408403495478,0.11907930167096392,0.07744390050568202,0.0832708023305638,1.91,11.78,0.62,82.62678047536042,85.50435810178203,0.0,1.0,0.0,1.0,0.0,0.0,2.0,-1.0
165,2014-08-28,3.6429169178009033,3.678333044052124,3.62833309173584,3.6645829677581783,3.6560351848602295,32419200,3.652750015258789,4.657807856061061,4.184110265380928,2.600723070495537,253807200.0,98.67842557158504,0.11933322879144459,0.08752199663075283,0.06362246432138352,1.91,12.05,0.62,80.00427695660886,84.02763490863548,-0.4076577320843544,1.0,0.0,1.0,0.0,0.0,2.0,-1.0
166,2014-08-29,3.69208288192749,3.7074999809265137,3.6508328914642334,3.7074999809265137,3.698852062225342,26136000,3.6632500171661375,5.604083640505079,4.2253340515103055,2.600040917336333,227671200.0,95.63811697474664,0.12159583110392314,0.09634466817082904,0.05050232586618819,1.91,11.98,0.56,74.69816985042877,81.94789455218557,1.1711295267682331,1.0,0.0,1.0,0.0,-1.0,2.0,-1.0
167,2014-09-02,3.735832929611206,3.7412500381469727,3.69333291053772,3.738332986831665,3.729613304138184,32150400,3.6795000076293944,6.34173803172469,4.2542980960785455,2.6223824052235374,195520800.0,95.50747722367302,0.12444243075309736,0.103724971845453,0.04143491781528871,1.95,12.25,0.63,70.82767777293003,79.10974242746602,0.8316387340195242,1.0,0.0,1.0,0.0,0.0,2.0,-1.0
168,2014-09-03,3.765417098999024,3.7679169178009033,3.652499914169312,3.6741669178009033,3.6655969619750977,41318400,3.6938332080841065,6.622839385769222,4.290796645500482,2.6358421563921173,236839200.0,97.1382917173069,0.12013586450708313,0.10962519406991073,0.021021340874344818,1.95,12.36,0.65,68.49085048531343,75.17670819332255,-1.7164353538539179,1.0,0.0,0.0,0.0,0.0,2.0,-1.0
169,2014-09-04,3.6987500190734863,3.754167079925537,3.634582996368408,3.662499904632568,3.65395712852478,41042400,3.692833185195923,6.397003410284468,4.295249482524147,2.6842087859593318,277881600.0,83.60664883401506,0.1144620025572376,0.11372982923450664,0.0014643466454619114,1.95,12.64,0.65,74.71652702417013,71.33889936955741,-0.3175417293049487,1.0,0.0,1.0,1.0,1.0,2.0,-1.0
170,2014-09-05,3.680000066757202,3.722500085830689,3.622082948684693,3.7191669940948486,3.7104921340942383,41613600,3.6894165515899657,6.042005017878832,4.276855480858624,2.7553805468589654,236268000.0,79.49202411981085,0.1132327104162334,0.11609651890827817,-0.005727616984089551,1.95,12.09,0.62,64.03591485298924,71.3450184274712,1.5472243259475382,1.0,-1.0,0.0,-1.0,-1.0,1.0,-1.0
171,2014-09-08,3.718333005905152,3.765832901000977,3.6862499713897705,3.737916946411133,3.729198455810547,35436000,3.7003333568573,6.985967975865237,4.236854830241595,2.849547895931806,200832000.0,79.96326951780186,0.11247491122653264,0.11745130121136643,-0.009952779969667591,1.95,12.66,0.61,46.48955653722347,69.0810974541576,0.5041438673244469,1.0,0.0,1.0,0.0,0.0,1.0,-1.0
172,2014-09-09,3.737499952316284,3.780416965484619,3.6237499713897705,3.647083044052124,3.63857626914978,64696800,3.7064167499542235,6.463190089189637,4.190003136471699,2.9527745925627267,265528800.0,76.634568856763,0.10335341923756891,0.11780579259738072,-0.02890474671962362,1.95,13.5,0.59,30.683941555555645,61.747332804794276,-2.4300674322424554,0.0,0.0,0.0,0.0,1.0,1.0,-1.0
173,2014-09-10,3.660000085830689,3.738332986831665,3.62833309173584,3.731667041778565,3.7229628562927246,36208800,3.6881667613983153,6.106049970514322,4.144183130974489,3.0417473674665727,229320000.0,56.61684409741475,0.10177657582567479,0.11645663336267607,-0.029360115074002574,1.95,12.88,0.58,37.03011426073931,47.069804315256114,2.319223245118729,1.0,0.0,0.0,0.0,-1.0,0.0,-1.0
174,2014-09-11,3.685832977294922,3.730833053588867,3.643332958221436,3.728749990463257,3.720052719116211,59659200,3.6996667861938475,6.374672637715665,4.066941003008943,3.1651838978089266,169660800.0,63.90726892664946,0.09914861092994176,0.11453410826875506,-0.03077099467762659,1.95,12.8,0.64,30.19052694908412,38.06787078450614,0.0,1.0,0.0,0.0,0.0,0.0,1.0,-1.0
175,2014-09-12,3.7166669368743896,3.71875,3.6337499618530273,3.670000076293945,3.661439657211304,56870400,3.7129168033599855,6.130624942951634,4.0046889148362395,3.264783223250716,226531200.0,62.006849741944535,0.0912731625345371,0.1122913729508103,-0.04203642083254641,1.95,13.31,0.58,35.0451863752753,32.63486092179303,-1.5755927407193338,0.0,0.0,0.0,1.0,1.0,1.0,-1.0
176,2014-09-15,3.680000066757202,3.6820828914642334,3.528749942779541,3.5595829486846924,3.55128026008606,64243200,3.7030834197998046,5.259976244900177,3.9401423894026877,3.358301992946963,290774400.0,54.12410916356324,0.07525458552048114,0.10892218755421185,-0.06733520406746141,1.95,14.12,0.61,35.00004768351018,34.08860919503291,-3.0086410167259325,-1.0,0.0,0.0,0.0,0.0,0.0,-1.0
177,2014-09-16,3.522083044052124,3.6741669178009033,3.510416984558105,3.655833005905152,3.647305965423584,63446400,3.6674166202545164,4.464841007487306,3.8721121634247666,3.4428599431909364,227328000.0,41.08254772891798,0.06952488347269092,0.1034568714172545,-0.06786397588912715,1.95,12.73,0.64,39.824665224115115,33.41192033595653,2.703970060763017,0.0,0.0,0.0,0.0,-1.0,0.0,-1.0
178,2014-09-17,3.652082920074463,3.7208330631256095,3.607500076293945,3.673749923706055,3.665180921554565,56776800,3.669166612625122,4.372002099086833,3.841443382129001,3.4828759884586673,170551200.0,48.29471600670482,0.06567276410343803,0.0978334290800998,-0.06432132995332354,1.95,12.65,0.58,22.01758467462024,36.623299760966866,0.4900912534014257,0.0,0.0,1.0,-1.0,0.0,0.0,-1.0
179,2014-09-18,3.704999923706055,3.754167079925537,3.69333291053772,3.752917051315308,3.744163274765015,39756000,3.6575831890106203,3.7756885029602825,3.8286618488796913,3.504532494369312,130795200.0,49.58433768918533,0.06822164071341197,0.09241240258523319,-0.048381523743642435,1.95,12.03,0.62,16.70734149366771,32.28076586074851,2.1549405717139702,1.0,0.0,0.0,0.0,0.0,0.0,-1.0
180,2014-09-19,3.8037500381469727,3.8037500381469727,3.701667070388794,3.7445828914642334,3.7358486652374263,55108800,3.66241660118103,4.312659695158582,3.830155712322349,3.517274739388669,185904000.0,55.76716529427335,0.06877633595289678,0.08741117261825303,-0.03726967333071249,1.95,12.11,0.55,25.977413222989743,26.183197130801023,0.0,1.0,0.0,0.0,0.0,0.0,0.0,-2.0
181,2014-09-22,3.7191669940948486,3.7191669940948486,3.5941669940948486,3.6429169178009033,3.634419679641724,54088800,3.6773331642150877,3.533746422589669,3.836311409738234,3.5259662728840393,239992800.0,52.53557188731109,0.06031704417077011,0.08255577536562682,-0.044477462389713424,1.95,13.69,0.69,49.845822641289594,21.56744646375923,-2.715014638748614,-1.0,0.0,0.0,1.0,1.0,0.0,-1.0
182,2014-09-23,3.5975000858306885,3.66083288192749,3.5883328914642334,3.611249923706055,3.6028265953063965,50400000,3.6939999580383303,3.310360430680021,3.8312094442239566,3.5338877049891995,189592800.0,44.05200770229067,0.0504758782122976,0.0777739559137603,-0.054596155402925395,1.95,14.93,0.66,58.98583950747715,30.843525785982347,-0.8692757701969311,-1.0,0.0,3.0,0.0,-1.0,0.0,-1.0
183,2014-09-24,3.6195828914642334,3.731250047683716,3.586250066757202,3.728332996368408,3.7196364402771,58291200,3.685083341598511,3.1208063699426485,3.8381228283422644,3.5222242757303075,131301600.0,45.91228988163453,0.051530299531718615,0.07207387840116282,-0.04108715773888841,1.95,13.27,0.63,54.36092848638571,44.93635845725216,3.2421758431550485,1.0,0.0,0.0,0.0,0.0,0.0,-1.0
184,2014-09-25,3.6895830631256095,3.704582929611206,3.488332986831665,3.4916670322418213,3.483522891998291,106399200,3.6959999561309815,3.364427813750058,3.8384333967217,3.522774811680299,237700800.0,53.76187660591332,0.03288983705072024,0.06678295491247137,-0.06778623572350226,1.95,15.64,0.77,36.36377182886731,54.39753021171749,-6.347768945453957,-2.0,0.0,0.0,-1.0,1.0,0.0,0.0
185,2014-09-26,3.5274999141693115,3.620832920074463,3.509582996368408,3.603332996368408,3.59492826461792,74126400,3.643749952316284,2.4515997863114336,3.8638959328209426,3.485937269541119,163574400.0,39.218033898305094,0.02681849934435787,0.060295918747602824,-0.0669548388064899,1.95,14.85,0.71,34.51719107966873,49.90351327424339,3.198070236808692,-1.0,0.0,0.0,0.0,-1.0,-1.0,-1.0
186,2014-09-29,3.494999885559082,3.617917060852051,3.4891669750213623,3.591249942779541,3.5828733444213867,57268800,3.615499973297119,2.6204565049768043,3.8776834690840714,3.4642330602534956,106305600.0,44.137912126940776,0.020792239039186367,0.054914131394700236,-0.06824378471102774,1.95,15.98,0.7,25.0474128308332,41.74729713164058,-0.3353299181908853,-1.0,0.0,0.0,0.0,0.0,0.0,-1.0
187,2014-09-30,3.620832920074463,3.660000085830689,3.5541670322418213,3.6045830249786377,3.596175193786621,77047200,3.6051665782928466,2.35857108426753,3.8899556375963704,3.4397109292523855,183352800.0,47.3889447738199,0.016897469128918097,0.04949939312431084,-0.06520384799078549,1.95,16.31,0.65,30.97704017053388,31.97612524645641,0.371265782430541,-1.0,0.0,1.0,0.0,1.0,0.0,-1.0
188,2014-10-01,3.5762500762939453,3.5833330154418945,3.398333072662353,3.4320828914642334,3.42407751083374,106740000,3.6038331985473633,1.7403420894634423,3.882623728001412,3.4352373124318354,290092800.0,43.63253228656106,-0.00010724694014996317,0.04407991590491974,-0.08837432569013941,2.19,16.71,0.78,22.32482082408951,30.180548027011938,-4.785578035490712,-2.0,0.0,0.0,0.0,0.0,0.0,0.0
189,2014-10-02,3.428333044052124,3.462083101272583,3.299999952316284,3.430417060852051,3.4224154949188232,108986400,3.5445831775665284,1.6210101930628429,3.9213065690693325,3.373859979023827,181106400.0,37.294765939232754,-0.013561694770276134,0.03648781727674619,-0.10009902409404464,2.19,16.16,0.62,34.257804183311855,26.11642460848553,0.0,-2.0,0.0,3.0,1.0,-1.0,-1.0,-1.0
190,2014-10-03,3.490000009536743,3.574167013168335,3.4549999237060547,3.533750057220459,3.52550745010376,76838400,3.532333183288574,2.465022623521065,3.980594480292496,3.2859470722511426,104268000.0,39.212010082835576,-0.01570529156767808,0.027339147196393646,-0.08608887752814345,2.19,14.55,0.54,22.456924082829726,29.186555059311747,3.0122575341536617,-1.0,0.0,0.0,-1.0,0.0,-1.0,-2.0
191,2014-10-06,3.560832977294922,3.5899999141693115,3.4770829677581787,3.509582996368408,3.501396656036377,73653600,3.5184165954589846,2.205856544398958,3.981600936898238,3.268246181161555,177921600.0,48.829323031903265,-0.019133626772442458,0.018892221003232734,-0.07605169555135038,2.19,15.46,0.63,11.932983359222348,26.346516363410363,-0.6838927615344659,-1.0,0.0,0.0,0.0,1.0,0.0,-1.0
192,2014-10-07,3.458750009536743,3.4887499809265137,3.358333110809326,3.3612499237060547,3.353409767150879,81825600,3.5020832061767577,1.6421150549472092,3.967707350160139,3.261695303216121,259747200.0,42.9090789710658,-0.033434435059525924,0.01115783156048384,-0.08918453324001953,2.19,17.2,0.63,7.987089740456901,22.882570541787974,-4.22651559503916,-2.0,0.0,0.0,0.0,0.0,0.0,-1.0
193,2014-10-08,3.367917060852051,3.586250066757202,3.305000066757202,3.555417060852051,3.547124147415161,106564800,3.453416585922241,1.1093149986263062,3.9925335195831453,3.2087719016102962,153182400.0,36.54947259795736,-0.028768636480100973,0.0017173054947900014,-0.06097188394978195,2.19,15.11,0.66,14.106194514134833,14.125665727502993,5.776634929065638,0.0,0.0,0.0,0.0,-1.0,-1.0,-1.0
194,2014-10-09,3.541666984558105,3.566667079925537,3.3641669750213623,3.37833309173584,3.370453119277954,111511200,3.4780834197998045,1.3706965623771592,3.983613792516395,3.195969431144392,264693600.0,42.26500027359043,-0.0389116050840661,-0.005133636008634578,-0.06755593815086305,2.19,18.76,0.75,14.106194514134833,11.342089204604695,-4.980680637049451,-1.0,0.0,0.0,1.0,1.0,0.0,0.0
195,2014-10-10,3.319166898727417,3.3787500858306885,3.1254169940948486,3.1254169940948486,3.1181271076202397,148214400,3.4676666259765625,-0.039619125821573634,3.9781004554787107,3.1750244729957156,412908000.0,37.330629061541686,-0.06659058137951313,-0.01243698094512613,-0.10830720086877399,2.19,21.24,0.87,24.097536730585976,12.066492922908855,-7.4864168444396695,-2.0,0.0,0.0,0.0,0.0,-1.0,0.0
196,2014-10-13,3.112499952316284,3.182499885559082,2.9733328819274902,2.979166984558105,2.972217798233032,136651200,3.3860000133514405,-1.0138084637061524,4.05590473313251,3.0507896632043616,549559200.0,33.794342931411805,-0.09918418942156082,-0.02214618321387052,-0.1540760124153806,2.19,24.64,0.91,19.56020618784284,17.43664191961855,-4.679375898098326,-2.0,0.0,0.0,0.0,0.0,-1.0,0.0
197,2014-10-14,3.040416955947876,3.095417022705078,2.9558329582214355,2.984582901000977,2.977621555328369,185404800,3.2799168109893797,-1.7304514760279621,4.194167886857036,2.858012641783711,734964000.0,31.53151546529064,-0.12315814894713473,-0.03504414527503484,-0.17622800734419977,2.19,22.79,0.78,19.56020618784284,19.25464581085455,0.0,-2.0,0.0,0.0,0.0,0.0,-1.0,0.0
198,2014-10-15,2.8458330631256104,2.9604170322418213,2.71875,2.920833110809326,2.914020299911499,242548800,3.2045834064483643,-2.8610399812217295,4.294276125588001,2.697751602174857,492415200.0,26.75171102763612,-0.14562310734915895,-0.04871646772025537,-0.19381327925780717,2.19,26.25,0.76,1.581774230934797,21.072649702090555,-2.135969825809503,-2.0,0.0,0.0,-1.0,0.0,-1.0,0.0
199,2014-10-16,2.738332986831665,2.9429171085357666,2.735416889190674,2.8754169940948486,2.8687100410461426,167980800,3.0776666164398194,-2.1106458379829673,4.407269100474697,2.5046891966190126,324434400.0,29.994102471931626,-0.16518727372854736,-0.0633899580067979,-0.2035946314434989,2.19,25.2,0.64,0.2846735333692963,13.56739553554016,-1.554902830511029,-2.0,0.0,0.0,0.0,-1.0,-1.0,-1.0
200,2014-10-17,2.982917070388794,3.063750028610229,2.9320828914642334,2.987916946411133,2.980947732925415,132175200,2.9770833969116213,-2.1942095078005104,4.462951069889099,2.3607850255393683,192259200.0,23.246531584084195,-0.16965849308627323,-0.07999906713578338,-0.1793188519009797,2.19,21.99,0.71,0.2846735333692963,7.142217984048979,3.9124743488447633,-1.0,0.0,1.0,0.0,0.0,-1.0,-1.0
201,2014-10-20,2.9770829677581787,3.1220829486846924,2.9633328914642334,3.1166670322418213,3.1093974113464355,77232000,2.949583387374878,-2.32477366318794,4.437010202704245,2.311184221607075,115027200.0,29.34966713833633,-0.16095749293747064,-0.09672405228176457,-0.12846688131141212,2.19,18.57,0.59,0.2846735333692963,0.7170404325577966,4.309024920700488,-1.0,0.0,0.0,0.0,0.0,-1.0,-1.0
202,2014-10-21,3.228749990463257,3.360416889190674,3.2083330154418945,3.360416889190674,3.35257887840271,105849600,2.9770833969116213,-0.7526467829350932,4.407667054842718,2.28205510168194,9177600.0,34.52286884928512,-0.13286176357211854,-0.11089328093486955,-0.043936965274497974,2.19,16.08,0.6,4.322764405725819,0.2846735333692963,7.820850107735855,0.0,0.0,0.0,1.0,0.0,-1.0,-1.0
203,2014-10-22,3.392082929611206,3.404582977294922,3.3016669750213623,3.308332920074463,3.3006160259246826,93960000,3.0522501945495604,1.0361291881218788,4.3618458784777285,2.2968346479377777,103137600.0,47.825004735816684,-0.1134901923626983,-0.12245918394509372,0.01793798316479084,2.19,17.87,0.74,13.592697915117862,1.6307038241548042,-1.5499258227081092,0.0,1.0,0.0,0.0,0.0,0.0,0.0
204,2014-10-23,3.4083330631256104,3.512083053588867,3.3904170989990234,3.459583044052124,3.451513290405273,84943200,3.129750156402588,-0.9665454516274434,4.292938296886742,2.331367221581479,18194400.0,46.404882851773266,-0.08495416295125713,-0.1307456936427195,0.09158306138292477,2.19,16.53,0.61,32.659023564886084,6.066711951404326,4.571792731617141,0.0,0.0,0.0,0.0,0.0,0.0,-1.0
205,2014-10-24,3.4741671085357666,3.547499895095825,3.4375,3.5391669273376465,3.530911684036255,85281600,3.246583366394043,-0.10091078984146014,4.270017380079482,2.3435381466539162,-67087200.0,47.875884851667216,-0.055280164455684844,-0.13278609159513552,0.15501185427890135,2.19,16.11,0.63,49.37714133269524,16.85816196190992,2.3003894478655917,1.0,0.0,0.0,0.0,0.0,0.0,-1.0
206,2014-10-27,3.5204169750213623,3.567500114440918,3.4766669273376465,3.552500009536743,3.5442135334014893,69122400,3.3568333625793456,0.7660195497202865,4.252617477493431,2.3539519795607062,-136209600.0,50.821205587300575,-0.030337724154602785,-0.12790786659892708,0.1951402848886486,2.19,16.04,0.66,64.65200849327968,31.87628760423306,0.3767293962911866,1.0,0.0,1.0,0.0,0.0,0.0,-1.0
207,2014-10-28,3.5958330631256104,3.711250066757202,3.5899999141693115,3.711250066757202,3.702593564987183,79843200,3.4439999580383303,1.4056409689272487,4.243850552258984,2.359330007217232,-216052800.0,55.738937342094644,0.0022136250806932267,-0.11759448606642353,0.23961622229423352,2.19,14.39,0.67,72.28251611695845,48.89605779695367,4.46868562404763,1.0,0.0,0.0,0.0,0.0,0.0,-1.0
208,2014-10-29,3.672916889190674,3.701250076293945,3.589582920074463,3.6666669845581055,3.658114194869995,89702400,3.5141665935516357,3.0675553450482305,4.265291139966634,2.344347749664002,-126350400.0,54.777712201483894,0.024135107239692477,-0.10116818246310662,0.25060657940559816,2.19,15.15,0.72,77.83301044406748,62.10388864764445,-1.201295558023452,1.0,0.0,1.0,0.0,0.0,0.0,-1.0
209,2014-10-30,3.617917060852051,3.71541690826416,3.59375,3.6895830631256095,3.68097734451294,80992800,3.5858334064483643,4.2018085272528936,4.311748690026088,2.3160152329831476,-207343200.0,59.621829083167036,0.0428630769395677,-0.08013236235552441,0.24599087859018423,2.19,14.52,0.58,81.83930135672885,71.5891783514352,0.6249839067472784,1.0,0.0,0.0,0.0,0.0,0.0,-1.0
210,2014-10-31,3.8754169940948486,3.88083291053772,3.805417060852051,3.8416669368743896,3.832706212997437,88185600,3.6318334102630616,4.608446367572842,4.369713790689827,2.284925127551038,-119157600.0,72.24047280239554,0.06917956646855217,-0.056518854574875425,0.2513968420868552,2.19,14.03,0.5,84.17988391520356,77.31827597258494,4.121979940463594,1.0,0.0,1.0,0.0,1.0,1.0,-2.0
211,2014-11-03,3.861249923706055,3.907917022705078,3.846667051315308,3.881249904632568,3.872196912765503,70480800,3.6923334121704103,4.2552841250814675,4.468075799351041,2.218729782695467,-189638400.0,83.84567007575819,0.09216714325437936,-0.030948070196428448,0.24623042690161562,2.2,14.73,0.61,82.98088459964728,81.28406523866663,1.0303591750299823,1.0,0.0,2.0,0.0,-1.0,2.0,-1.0
212,2014-11-04,3.83791708946228,3.868333101272583,3.759166955947876,3.839999914169312,3.831043004989624,69324000,3.758083391189575,4.857679851670139,4.570401840448776,2.1517093449429687,-258962400.0,84.26753962518033,0.105836417642168,-0.00594485832681757,0.22356255193797114,2.2,14.89,0.67,80.86518830798472,83.00002329052657,-1.0628017127683798,1.0,0.0,1.0,-1.0,0.0,2.0,-1.0
213,2014-11-05,3.91083288192749,3.9149999618530273,3.7991669178009033,3.839582920074463,3.830627202987671,69372000,3.783833360671997,6.543314913131058,4.656570576186505,2.1075128410701676,-189590400.0,85.74207215601206,0.11530658559492446,0.018424765007056462,0.193763641175736,2.2,14.17,0.63,83.32836021468312,82.67531894094519,0.0,1.0,0.0,0.0,1.0,0.0,2.0,-1.0
214,2014-11-06,3.833750009536743,3.877500057220459,3.788749933242798,3.872499942779541,3.863467216491699,48636000,3.8184165477752687,5.3042669551388215,4.737307482139109,2.063678688629629,-238226400.0,88.85152759137162,0.12403805704897142,0.04067595928996553,0.16672419551801176,2.2,13.67,0.69,82.43948874304218,82.39147770743837,0.8573072489977518,1.0,0.0,0.0,0.0,0.0,2.0,-1.0
215,2014-11-07,3.8958330154418954,3.900000095367432,3.805000066757202,3.862916946411133,3.853906393051148,55406400,3.8549999237060546,7.571485948834014,4.813208040017371,2.0287642236367027,-182820000.0,88.0874997946882,0.1287009588249015,0.060600206123816225,0.13620150540217058,2.2,13.12,0.57,76.97554313700483,82.21101242190333,0.0,1.0,0.0,1.0,-1.0,1.0,2.0,-1.0
216,2014-11-10,3.868333101272583,3.920000076293945,3.8383328914642334,3.902499914169312,3.893397331237793,51686400,3.8592499256134034,8.963210216159911,4.88063009692118,2.025953267883405,-234506400.0,85.80565143770608,0.13404516751524387,0.0782711708993167,0.11154799323185433,2.2,12.67,0.67,69.80956767149259,80.9144640315767,1.024691141624312,1.0,0.0,1.0,0.0,-1.0,2.0,-1.0
217,2014-11-11,3.9083330631256095,3.940000057220459,3.875833034515381,3.9395830631256095,3.930393695831299,52809600,3.8634999275207518,10.854971075087462,4.918772923175315,2.0720048792920314,-287316000.0,82.34705627775843,0.13966284526612638,0.09291912005871122,0.09348745041483031,2.2,12.92,0.64,65.4084676567378,76.4081998505132,0.9502408653913053,1.0,0.0,1.0,0.0,0.0,2.0,-1.0
218,2014-11-12,3.893332958221436,3.973750114440918,3.893332958221436,3.961250066757202,3.9520106315612793,48100800,3.8834165573120116,12.921222988818373,4.936915454560383,2.144515123671429,-335416800.0,88.3544575917969,0.1442009823091821,0.10575553539498166,0.07689089382840089,2.2,13.02,0.61,68.22845103069676,70.73119282174507,0.5499821499994617,1.0,0.0,0.0,0.0,0.0,2.0,-1.0
219,2014-11-13,3.982917070388794,4.0570831298828125,3.9574999809265137,4.012083053588867,4.002724647521973,91082400,3.9077499866485597,12.966902747903111,4.886381696908662,2.3026599812020963,-426499200.0,86.17791991196854,0.15016823982738758,0.11701530265827215,0.06630587433823087,2.2,13.79,0.57,67.96122346859694,67.81549545297571,1.2832561937519582,1.0,0.0,1.0,1.0,0.0,2.0,-1.0
220,2014-11-14,4.010000228881836,4.049167156219482,3.9700000286102295,4.049167156219482,4.039722919464111,57408000,3.9356666088104246,12.590878982731418,4.797260463681993,2.5075450535146624,-483907200.0,85.57995451055805,0.15609039860759966,0.12601404414258718,0.060152708930024945,2.2,13.31,0.53,66.75858411024805,67.19938071867716,0.9243104426126747,1.0,0.0,1.0,-1.0,0.0,2.0,-2.0
221,2014-11-17,4.020417213439941,4.048333168029785,3.956249952316284,4.011250019073486,4.001893520355225,70677600,3.9729166507720945,13.921037619387736,4.719673189134559,2.6879518105475495,-413229600.0,86.07751987389335,0.15592672974731414,0.13311662807072278,0.04562020335318273,2.2,13.99,0.56,62.267897212705655,67.64941953651392,-0.9364181739880961,1.0,0.0,1.0,0.0,0.0,2.0,-1.0
222,2014-11-18,4.023749828338623,4.118750095367432,4.0233330726623535,4.101250171661377,4.091683864593506,55910400,3.9946666717529298,12.68843186605823,4.6140935318785345,2.8873231433711997,-469140000.0,76.43169742579519,0.161201055721369,0.1386822183046279,0.0450376748334822,2.2,13.86,0.47,61.65053575004842,65.66256826385022,2.2436934162652467,1.0,0.0,0.0,0.0,0.0,1.0,-2.0
223,2014-11-19,4.089582920074463,4.089582920074463,3.991667032241821,4.049167156219482,4.039722919464111,74404800,4.027000093460083,11.791974343251725,4.5976033242839955,2.9809522358280036,-394735200.0,85.45201772859569,0.15934154286554758,0.14378160387423286,0.03111987798262944,2.2,13.96,0.6,64.07588573877997,63.55900569100071,-1.269930222783655,1.0,0.0,1.0,1.0,1.0,2.0,-1.0
224,2014-11-20,3.9954171180725098,4.111249923706055,3.985416889190674,4.102917194366455,4.09334659576416,49778400,4.044583511352539,13.359697541773299,4.547317139261268,3.101766228722231,-444513600.0,78.00131224385909,0.160356553866408,0.14770421340940798,0.025304680914000066,2.2,13.58,0.55,68.8491909067529,62.664772900511345,1.327434409923356,1.0,0.0,0.0,0.0,-1.0,1.0,-2.0
225,2014-11-21,4.211667060852051,4.2216668128967285,4.086667060852051,4.132500171661377,4.122860908508301,76473600,4.062750339508057,14.001690688054891,4.521814676105156,3.1885187188991164,-368040000.0,74.02298900973628,0.1616842609149236,0.15122150174735316,0.02092551833514089,2.2,12.9,0.49,65.18670474467781,64.85853746519376,0.7210230159053976,1.0,0.0,0.0,0.0,1.0,1.0,-2.0
226,2014-11-24,4.159999847412109,4.227499961853027,4.1483330726623535,4.225832939147949,4.215976238250732,63103200,4.079416942596436,12.324985032570483,4.519417235364232,3.2548050670725988,-431143200.0,73.53630123035038,0.1683272805283309,0.15429251212509534,0.028069536806471118,2.2,12.62,0.54,67.68529079043182,66.03726046340357,2.2585060764571008,1.0,0.0,0.0,0.0,-1.0,1.0,-2.0
227,2014-11-25,4.240832805633545,4.278749942779541,4.208749771118164,4.239583015441895,4.229694366455078,75768000,4.122333526611328,12.166618487878942,4.520348753692579,3.32070684615585,-355375200.0,82.93027365298917,0.1727105381004228,0.1574774493764514,0.030466177447942833,2.2,12.25,0.62,62.20563563207255,67.24039548062085,0.3253814453137993,1.0,0.0,1.0,-1.0,1.0,2.0,-1.0
228,2014-11-26,4.25333309173584,4.330832958221436,4.239583015441895,4.326250076293945,4.316159248352051,52816800,4.150000095367432,10.42713071620792,4.56530447979646,3.3329038761071654,-408192000.0,83.37971720824518,0.1810901146923909,0.16064517779770038,0.040889873789381026,2.2,12.07,0.63,68.81037840540473,65.0258770557274,2.0442354952451947,2.0,0.0,0.0,1.0,-1.0,2.0,-1.0
229,2014-11-28,4.361249923706055,4.413332939147949,4.350417137145996,4.390832901000977,4.38059139251709,36285600,4.205416679382324,10.669393850569143,4.606315767054181,3.356531457817135,-444477600.0,84.7479487170124,0.1907435112616751,0.16408094167158963,0.053325139180170955,2.2,13.33,0.65,68.58698643062898,66.2337682759697,1.4928130267114703,2.0,0.0,2.0,0.0,0.0,2.0,-1.0
230,2014-12-01,4.350417137145996,4.37166690826416,4.184999942779541,4.228750228881836,4.218886375427246,78093600,4.262999820709228,10.005482329200905,4.665872458413566,3.3688358666545897,-366384000.0,87.28661033754365,0.18320332662398453,0.16793128752204245,0.030544078203884162,2.27,14.29,0.62,78.02376557146161,66.53433348936875,-3.691387847672156,1.0,0.0,0.0,0.0,1.0,2.0,-1.0
231,2014-12-02,4.249582767486572,4.306250095367432,4.219583034515381,4.274167060852051,4.26419734954834,64946400,4.282249832153321,9.589345496973976,4.69932147911275,3.3773035183441182,-431330400.0,69.64378870387367,0.1788309825023462,0.17096202050833917,0.015737923988014046,2.27,12.85,0.65,79.31302953526473,71.80704346916511,1.0740012890811945,1.0,0.0,1.0,0.0,-1.0,1.0,-1.0
232,2014-12-03,4.3045830726623535,4.324583053588867,4.227917194366455,4.312917232513428,4.302856922149658,65971200,4.2919166564941404,9.613810600968867,4.730190060074468,3.38524047778513,-497301600.0,69.94540318837197,0.17645857863641634,0.17292090126178106,0.007075354749270568,2.27,12.47,0.65,69.7016836124174,75.30792717911844,0.9066134081724853,1.0,0.0,1.0,-1.0,0.0,1.0,-1.0
233,2014-12-04,4.293749809265137,4.351666927337647,4.247917175292969,4.300000190734863,4.289970397949219,77018400,4.306583499908447,9.517823117551611,4.745750883688249,3.416276904473982,-574320000.0,70.54531910454106,0.17155851439859227,0.17482279412521093,-0.006528559453237326,2.27,12.38,0.66,59.197303151696474,75.67949290638126,0.0,1.0,-1.0,1.0,0.0,0.0,1.0,-1.0
234,2014-12-05,4.3254170417785645,4.342082977294922,4.274582862854004,4.302917003631592,4.292881011962891,56815200,4.3013335227966305,10.002374625924707,4.759117701405461,3.447771236544672,-517504800.0,67.60063569203217,0.16599703017669132,0.17606745640656474,-0.02014085245974684,2.27,11.82,0.5,47.874111094396255,69.4040054331262,0.0,1.0,0.0,1.0,0.0,0.0,1.0,-2.0
235,2014-12-08,4.267499923706055,4.324583053588867,4.142499923706055,4.210000038146973,4.200180530548096,84640800,4.283750343322754,8.470489770686997,4.760105077140257,3.4928116244944656,-432864000.0,66.18819669976796,0.15233585833823238,0.1765466529912056,-0.04842158930594642,2.27,14.21,0.62,50.977026547358186,58.924365952836716,-2.159394787447644,0.0,0.0,0.0,0.0,1.0,1.0,-1.0
236,2014-12-09,4.060417175292969,4.257082939147949,4.017499923706055,4.250833034515381,4.240917682647705,85344000,4.280000305175781,7.905108578764839,4.732642069252462,3.557246829279134,-518208000.0,61.84799756677857,0.14315397289488896,0.17476982830341686,-0.06323171081705581,2.27,14.89,0.78,43.1463453215321,52.68281359781697,0.9699048930740917,0.0,0.0,0.0,0.0,-1.0,1.0,0.0
237,2014-12-10,4.225832939147949,4.256667137145996,4.026249885559082,4.045000076293945,4.03556489944458,67264800,4.275333499908447,7.944473403548299,4.69744741119837,3.6212609211812903,-450943200.0,59.47227868787118,0.11790908053392268,0.171485765502802,-0.10715336993775865,2.27,18.53,0.74,26.787993555421306,47.33249432109551,-4.84217932226787,-1.0,0.0,0.0,0.0,1.0,0.0,0.0
238,2014-12-11,4.083333015441895,4.25,4.080417156219482,4.108333110809326,4.098750114440918,68016000,4.221750068664551,5.78065256519288,4.662527457973374,3.6752642392108723,-518959200.0,49.779129772821356,0.1018388333687632,0.16446565059630552,-0.12525363445508464,2.27,20.08,0.72,13.134684501984358,40.303788474770535,1.5657115777710118,0.0,0.0,1.0,0.0,-1.0,0.0,-1.0
239,2014-12-12,3.987916946411133,4.127500057220459,3.971250057220459,3.972500085830689,3.963234424591065,76893600,4.183416652679443,4.247077256953311,4.627982444328766,3.7301564904424533,-442065600.0,50.284176204258586,0.07725194447048533,0.15458735305264865,-0.15467081716432662,2.27,21.08,0.79,3.438570876730569,27.689674459645918,-3.306280705944964,-1.0,0.0,1.0,0.0,1.0,0.0,0.0
240,2014-12-15,4.031667232513428,4.075832843780518,3.8137500286102295,3.853332996368408,3.8443450927734375,117974400,4.117333269119262,3.18428371868797,4.624384385343033,3.7352406839573007,-324091200.0,42.446877980470745,0.04760214182133282,0.14281497725781542,-0.1904256708729652,2.27,20.42,0.75,9.399321716187607,14.453749644712076,-2.9998008027068868,-2.0,0.0,0.0,0.0,0.0,0.0,0.0
241,2014-12-16,3.7766671180725098,3.9454169273376474,3.660417079925537,3.66208291053772,3.653540849685669,106428000,4.0459998607635494,1.4123995009504933,4.657959887753394,3.6908178991372687,-217663200.0,32.834097078810885,0.008573347806913212,0.12823399495992505,-0.23932129430602367,2.27,23.57,0.74,5.960750839457039,8.657525698300844,-4.963237955581123,-2.0,0.0,0.0,0.0,0.0,-1.0,0.0
242,2014-12-17,3.669167041778565,3.893332958221436,3.65625,3.858750104904175,3.8497493267059326,91363200,3.9282498359680176,0.21976070778616655,4.7522911853833705,3.5715560607866728,-309026400.0,27.12870094217385,-0.006413918013407738,0.10958008042331358,-0.23198799687344263,2.27,19.44,0.71,5.960750839457039,6.266214477458405,5.370364330106803,-1.0,0.0,0.0,0.0,0.0,-1.0,-1.0
243,2014-12-18,4.028333187103272,4.141666889190674,3.995832920074463,4.141666889190674,4.132006645202637,93372000,3.8909998416900633,0.2836491675940316,4.813889217455299,3.4821246861625594,-402398400.0,32.96903198214386,0.0044858755235939185,0.08980536571086913,-0.17063898037455041,2.27,16.81,0.58,0.0,7.1069411317005615,7.331824466345549,0.0,0.0,0.0,0.0,-1.0,-1.0,-1.0
244,2014-12-19,4.154167175292969,4.244999885559082,4.125,4.187917232513428,4.178149223327637,77414400,3.897666597366333,1.1581421512104375,4.8115266494890045,3.489445573792856,-479812800.0,42.16869690847725,0.016663964793162123,0.07185968186052498,-0.11039143413472571,2.27,16.49,0.59,9.558556328692637,3.9738338929713595,1.116708430691582,0.0,0.0,1.0,1.0,0.0,0.0,-1.0
245,2014-12-22,4.174582958221436,4.2291669845581055,4.167082786560059,4.225832939147949,4.216689109802246,55228800,3.9407500267028808,0.34544109065385786,4.813552054725372,3.4993646055834664,-535041600.0,48.615831884504,0.029039914866451966,0.05678502702218383,-0.055490224311463734,2.27,15.25,0.49,33.477966772215574,5.173102389383225,0.9053595028134298,0.0,0.0,0.0,0.0,0.0,0.0,-2.0
246,2014-12-23,4.272500038146973,4.272916793823242,4.164999961853027,4.185417175292969,4.176360607147217,57960000,4.015250015258789,1.624885475200754,4.817982450297194,3.5009758321735114,-477081600.0,48.35318177874694,0.03518118330733433,0.04410568724124639,-0.017849007867824118,2.27,14.8,0.52,62.650486436966396,14.345507700302738,-0.9563975773999589,0.0,0.0,0.0,0.0,0.0,0.0,-2.0
247,2014-12-24,4.198750019073486,4.237916946411133,4.186666965484619,4.194167137145996,4.185091495513916,21991200,4.119916868209839,0.036097011052330805,4.818733999078719,3.5009465486355156,-455090400.0,45.66080094408944,0.04028979589963644,0.03491369866051435,0.010752194478244173,2.27,14.37,0.6,84.38961709579829,35.22900317929154,0.0,0.0,1.0,1.0,0.0,0.0,0.0,-1.0
248,2014-12-26,4.224999904632568,4.304999828338623,4.224583148956299,4.279167175292969,4.2699079513549805,43044000,4.187000274658203,-0.6029913018243864,4.814056219633499,3.502013272070808,-498134400.0,46.38794723865476,0.050613757003339366,0.028074916719500267,0.0450776805676782,2.27,14.5,0.55,88.75853945464415,60.17269010166009,2.0266249619420806,0.0,0.0,0.0,0.0,0.0,0.0,-2.0
249,2014-12-29,4.267499923706055,4.303332805633545,4.258333206176758,4.28000020980835,4.27073860168457,31164000,4.2145003318786625,-1.0974346020684855,4.808038924272365,3.505100037519629,-529298400.0,49.232431469462156,0.05819198846184559,0.025115118112039606,0.06615374069961197,2.27,15.06,0.64,88.34732340571007,78.5995476624696,0.0,0.0,0.0,1.0,0.0,0.0,0.0,-1.0
250,2014-12-30,4.237916946411133,4.268332958221436,4.172500133514404,4.191667079925537,4.182596683502197,61929600,4.232916927337646,-1.4003970699028478,4.779511543385793,3.5231968598836603,-467368800.0,52.40550746029957,0.056419675243962075,0.026291767738763246,0.06025581501039766,2.27,15.92,0.66,88.75596541177892,87.16515998538416,-2.0638580736604184,0.0,0.0,0.0,0.0,1.0,0.0,-1.0
251,2014-12-31,4.208749771118164,4.2604169845581055,4.042082786560059,4.060417175292969,4.051630973815918,58545600,4.226083755493164,-1.532263554508366,4.7713393707135925,3.526271802280385,-408823200.0,48.03108061747394,0.0439180736325504,0.031608026342879784,0.024620094579341237,2.27,19.2,0.56,92.21676364466335,88.62060942404439,-3.1312101397828584,0.0,0.0,0.0,0.0,0.0,0.0,-1.0
